flowid,stage_num_1,state_in_stage_1,stage_num_2,state_in_stage_2,...
1,6,0,0,0,3,0,14,0,12,0
2,14,1,13,0,3,1,5,0,0,1,7,0,2,0,1,0,4,0,9,0,6,1,12,1
3,5,1,12,2,7,1,13,1
4,3,2,13,2,0,2
5,3,3,13,3
6,0,3,14,2,3,4,6,2,12,3,1,1,13,4,9,1,4,1,5,2,7,2
7,0,4,1,2,9,2,12,4,7,3,4,2,2,1,6,3,14,3
8,7,4,5,3,13,5
9,5,4
10,9,3,5,5,4,3,7,5,12,5,2,2,0,5,13,6,14,4,6,4,1,3,3,5
11,1,4,13,7,2,3
12,2,4,3,6,6,5
13,1,5
14,6,6,13,8,14,5,7,6,3,7,9,4,5,6,12,6,4,4,2,5,1,6
15,12,7,13,9,7,7,1,7,14,6,6,7,4,5
16,14,7,12,8,5,7,9,5,7,8,13,10,3,8,6,8,4,6,0,6,2,6
17,2,7,4,7,12,9,14,8
18,9,6,3,9,5,8,7,9,14,9,2,8,1,8
19,4,8,1,9,6,9,12,10,2,9,14,10,5,9,3,10,13,11,9,7,0,7
20,14,11
21,2,10,7,10,6,10,9,8,13,12,1,10,5,10
22,3,11,12,11,2,11,6,11,0,8,13,13
23,9,9,3,12,14,12,2,12,7,11,5,11
24,3,13,7,12
25,5,12,1,11,0,9
26,5,13,4,9,9,10,3,14,13,14,1,12,14,13,12,12,7,13,6,12,2,13
27,6,13,9,11,13,15,12,13,7,14,2,14
28,5,14,12,14,13,16,3,15,0,10,6,14,14,14,7,15,4,10,1,13
29,1,14,3,16,12,15,0,11,4,11,2,15,13,17,6,15,7,16,5,15,14,15,9,12
30,6,16,12,16,0,12,7,17,4,12,14,16,9,13,3,17,13,18
31,7,18,12,17,6,17
32,0,13,6,18,14,17,2,16,9,14
33,9,15,1,15
34,3,18,12,18,7,19,0,14
35,4,13,7,20,14,18,5,16,13,19,2,17,6,19,3,19
36,12,19,2,18,7,21,1,16,9,16,3,20,4,14,5,17,0,15
37,5,18
38,5,19,7,22,0,16,14,19,3,21,6,20,4,15
39,14,20,0,17,1,17,12,20,6,21,2,19,13,20,9,17,4,16,5,20,3,22
40,1,18,7,23,14,21,6,22,13,21
41,13,22
42,12,21
43,1,19,9,18,12,22,2,20
44,13,23,7,24,1,20,0,18,4,17,5,21,2,21,3,23,12,23,9,19
45,12,24,6,23,1,21,13,24,4,18,5,22,0,19,7,25,3,24,14,22,2,22
46,2,23,14,23,1,22,3,25,5,23,12,25,0,20,4,19,7,26,6,24
47,1,23,5,24,3,26,14,24,9,20,12,26,7,27,4,20,13,25,0,21,2,24
48,3,27,5,25,4,21,1,24,0,22,7,28,14,25,6,25,12,27,9,21
49,13,26,4,22,3,28,6,26,5,26
50,0,23,5,27,3,29,7,29
51,3,30,0,24,2,25,5,28,4,23,9,22,13,27,6,27,14,26,1,25
52,1,26,5,29,12,28,3,31,14,27,6,28,9,23,0,25
53,12,29,13,28,7,30,4,24,9,24
54,2,26,6,29,13,29,1,27,7,31
55,14,28
56,2,27,12,30,14,29,13,30,9,25,3,32
57,3,33,6,30,14,30,0,26,13,31,5,30
58,3,34,0,27,13,32,6,31,7,32,1,28,5,31,12,31,4,25,9,26,14,31
59,14,32,7,33,6,32,13,33
60,5,32,2,28,14,33,4,26,7,34,12,32,0,28
61,4,27,3,35,6,33
62,3,36,12,33,7,35,2,29,13,34,4,28,9,27,0,29,6,34,5,33,1,29
63,13,35,2,30,0,30
64,5,34,2,31,0,31
65,13,36,12,34,9,28,4,29,14,34,3,37,1,30,6,35
66,12,35,4,30,9,29,14,35,5,35,1,31
67,6,36,5,36,12,36,2,32,1,32,9,30,4,31,0,32,14,36,13,37,3,38
68,14,37,6,37,13,38,5,37
69,0,33,14,38
70,7,36,13,39,0,34,9,31,1,33,5,38,14,39,12,37,4,32,6,38,2,33
71,0,35,5,39,2,34,12,38,4,33
72,2,35,6,39,1,34,4,34,12,39,9,32
73,7,37
74,5,40,7,38,13,40,14,40,0,36,1,35,9,33,4,35,3,39,2,36
75,14,41,13,41,6,40,12,40,5,41,1,36,9,34,7,39
76,7,40
77,1,37,7,41,2,37,14,42,9,35
78,3,40,4,36,12,41,13,42,9,36,6,41,0,37,5,42,2,38,14,43,1,38
79,9,37,14,44,6,42,5,43,13,43,0,38,7,42,12,42,2,39
80,12,43,9,38,3,41,7,43,5,44,2,40,1,39
81,1,40,2,41,0,39,6,43,14,45,7,44,3,42
82,3,43,14,46,13,44,1,41,9,39,6,44,12,44,7,45
83,5,45,2,42,12,45,6,45,7,46,9,40,0,40,14,47,3,44
84,9,41,2,43,12,46,4,37,0,41,13,45,3,45,7,47
85,9,42,4,38,14,48,12,47,7,48,2,44,13,46,6,46,0,42,5,46,1,42
86,14,49,13,47
87,5,47,14,50,12,48,1,43,3,46,7,49,0,43,2,45,4,39,9,43
88,3,47,9,44,13,48,4,40,6,47,2,46,0,44,14,51,1,44,12,49
89,12,50,13,49,6,48,3,48,2,47,7,50,5,48,0,45,4,41
90,4,42,7,51,3,49,12,51,1,45,14,52,2,48,9,45,0,46,13,50,6,49
91,6,50,9,46,2,49,3,50,1,46,0,47,7,52,5,49,12,52,14,53,4,43
92,6,51,9,47,14,54,1,47
93,2,50,1,48,7,53,13,51,12,53,14,55,6,52
94,9,48,14,56,2,51,7,54,6,53,4,44,1,49,3,51
95,0,48,7,55,6,54,14,57
96,4,45,1,50,12,54,14,58,3,52,2,52,6,55
97,14,59,5,50,7,56,2,53,13,52,6,56,9,49,12,55,4,46,1,51,3,53,0,49
98,14,60,5,51,6,57,3,54,2,54,13,53,7,57,4,47,1,52,12,56,9,50,0,50
99,6,58
100,14,61,13,54,7,58,1,53
101,13,55,12,57,5,52,2,55,4,48
102,0,51,13,56,4,49,9,51,14,62,6,59,12,58,7,59,2,56,5,53,1,54,3,55
103,2,57,14,63,12,59,5,54,1,55,7,60,9,52,13,57
104,12,60,4,50,14,64
105,9,53
106,13,58,7,61,9,54,2,58,6,60,12,61,5,55,3,56,0,52,4,51
107,9,55,12,62,7,62,1,56,2,59,6,61,4,52,5,56,3,57,0,53,13,59,14,65
108,1,57,13,60,9,56,6,62,7,63,3,58,12,63,14,66,2,60,5,57,4,53,0,54
109,4,54,5,58,2,61
110,2,62,4,55,6,63,3,59,13,61,9,57,0,55,12,64,5,59,1,58
111,9,58,4,56,0,56,6,64,3,60,14,67,7,64,12,65,13,62,2,63,5,60,1,59
112,6,65,3,61,4,57,5,61,1,60
113,13,63,2,64,12,66,6,66
114,5,62,12,67
115,4,58,6,67,14,68,9,59,0,57
116,9,60,0,58,6,68,1,61,3,62,2,65,12,68,7,65
117,3,63,14,69
118,5,63,14,70,12,69,9,61,4,59
119,3,64,6,69,5,64,12,70,0,59,2,66
120,13,64,4,60,12,71,0,60,14,71,5,65,2,67,1,62,3,65
121,2,68,14,72,1,63
122,2,69,1,64,13,65,14,73
123,12,72,0,61
124,13,66,7,66,0,62,5,66,12,73,4,61,1,65,3,66,2,70,9,62,6,70,14,74
125,4,62,5,67,0,63,7,67,3,67,9,63,6,71
126,4,63,7,68,3,68,6,72
127,0,64,9,64,7,69,13,67,4,64
128,13,68,3,69,14,75
129,5,68,12,74,6,73,13,69,3,70,14,76,1,66,4,65,0,65,9,65
130,5,69,6,74,7,70,1,67,9,66,12,75
131,0,66,3,71,13,70,7,71
132,2,71,9,67,1,68,7,72
133,5,70,13,71,6,75
134,2,72,7,73
135,12,76,6,76,3,72
136,1,69
137,2,73
138,7,74,2,74,6,77,9,68,0,67,5,71,13,72,12,77
139,1,70,5,72,2,75
140,13,73,12,78,1,71,2,76,4,66
141,9,69,4,67,7,75,12,79,13,74,6,78,14,77,0,68,1,72,3,73,2,77
142,9,70,12,80,0,69,2,78,5,73,4,68,3,74,7,76,6,79
143,0,70,9,71,3,75,12,81,13,75,2,79,1,73,4,69,14,78,5,74,7,77
144,7,78,9,72,5,75,3,76,4,70,12,82,14,79,13,76,6,80
145,6,81,4,71,3,77,7,79,5,76,2,80,13,77,1,74,12,83,9,73
146,4,72,1,75,0,71,2,81,7,80,5,77,6,82,12,84,3,78
147,4,73,9,74
148,14,80,5,78,13,78
149,13,79,0,72,9,75,1,76
150,9,76,4,74,13,80,5,79,6,83,7,81,0,73,2,82
151,14,81,5,80,1,77,3,79,13,81,2,83,4,75,6,84,0,74,7,82
152,3,80,2,84,5,81,13,82,0,75,14,82,4,76,12,85,6,85,1,78
153,6,86,3,81,1,79,14,83,0,76,12,86
154,12,87,3,82,7,83,4,77,13,83,9,77,14,84,0,77,1,80,2,85,6,87,5,82
155,13,84,7,84,12,88,5,83,9,78,3,83,4,78
156,6,88,9,79,7,85,0,78,4,79,12,89,1,81,13,85,14,85,5,84,2,86,3,84
157,4,80,1,82
158,0,79,12,90,1,83,2,87
159,3,85,13,86,4,81,2,88
160,14,86,7,86
161,4,82,6,89,3,86,7,87,12,91
162,12,92,14,87,3,87,1,84
163,12,93
164,13,87,1,85,0,80,4,83,5,85,14,88,9,80,12,94,2,89
165,13,88,3,88,1,86
166,7,88,4,84,5,86,0,81,12,95,14,89,6,90,2,90,1,87,13,89,9,81
167,3,89,13,90,2,91
168,2,92,4,85,9,82
169,14,90,5,87,9,83
170,12,96
171,9,84,13,91,2,93,1,88,4,86,7,89,5,88,3,90,6,91,12,97
172,0,82,12,98,1,89
173,0,83,12,99,4,87,9,85
174,13,92,0,84,6,92,5,89,7,90
175,9,86,14,91
176,1,90,2,94,5,90,14,92,6,93,9,87
177,14,93,1,91,2,95
178,3,91
179,4,88,12,100,6,94,14,94,3,92,2,96,1,92,7,91,9,88,13,93,5,91
180,9,89
181,14,95,2,97
182,13,94,5,92,3,93,0,85,12,101,7,92,14,96,1,93
183,3,94,1,94
184,1,95,5,93,12,102,2,98,7,93,0,86,6,95,4,89,14,97
185,0,87,9,90,12,103,13,95,4,90,14,98,2,99,3,95,1,96,6,96,5,94
186,6,97,9,91,12,104,4,91,14,99,13,96,7,94,3,96,1,97,2,100,5,95
187,9,92,3,97,7,95,12,105,5,96,6,98
188,4,92,9,93,5,97,1,98,14,100,13,97,7,96,3,98,2,101,0,88,12,106,6,99
189,13,98,5,98,12,107,3,99,9,94,6,100,7,97,2,102,1,99,0,89,14,101
190,9,95,4,93,0,90,7,98,3,100,5,99,2,103,13,99,6,101,12,108
191,5,100,14,102,4,94,9,96,13,100,2,104,6,102
192,9,97,4,95,3,101,5,101,2,105,6,103,12,109,0,91,7,99,13,101,14,103
193,9,98,5,102,2,106,13,102,6,104,12,110,0,92,4,96,1,100
194,4,97,14,104,5,103
195,14,105,5,104,3,102,4,98,1,101,0,93,6,105
196,6,106,7,100,1,102,9,99,5,105
197,4,99,13,103,7,101,2,107,0,94,9,100,5,106,3,103,1,103,12,111,6,107,14,106
198,0,95,7,102,9,101,6,108,3,104,1,104,12,112,13,104,4,100,5,107,14,107,2,108
199,3,105,14,108,4,101,6,109,9,102,13,105,2,109,1,105,12,113,0,96,5,108
200,3,106,1,106,13,106,5,109,4,102,6,110,0,97
201,5,110,9,103,3,107,14,109,1,107,12,114,2,110,6,111,13,107,0,98,7,103
202,2,111,4,103,6,112,12,115,3,108,13,108,0,99,9,104,14,110,1,108,7,104,5,111
203,5,112,14,111,13,109,9,105,6,113,12,116
204,2,112,12,117,14,112,9,106,4,104,6,114,5,113,3,109
205,9,107,12,118,2,113,1,109,6,115,14,113
206,6,116,13,110,5,114,12,119,0,100
207,6,117,7,105,3,110,12,120,1,110,14,114,4,105,2,114,13,111,0,101
208,4,106,5,115,1,111,13,112,12,121,3,111
209,12,122,7,106,13,113,3,112,5,116,6,118,9,108,14,115
210,2,115,13,114,14,116,0,102,3,113,6,119,1,112,9,109
211,3,114,12,123,1,113,13,115,9,110,7,107,14,117,4,107,0,103,5,117,2,116,6,120
212,13,116,14,118,12,124
213,9,111,13,117,2,117,3,115,4,108,14,119,6,121,7,108,12,125,5,118,1,114
214,0,104,6,122,7,109,14,120,3,116,1,115,5,119,4,109,2,118,9,112
215,0,105,3,117
216,3,118,5,120,13,118,12,126,2,119,14,121,6,123,4,110,0,106,9,113,7,110,1,116
217,13,119,9,114,2,120,3,119,1,117,12,127,5,121,0,107,4,111,6,124
218,6,125
219,12,128,5,122,0,108,13,120,14,122,4,112,2,121,1,118,6,126,7,111
220,1,119
221,5,123,6,127,3,120,12,129,9,115,7,112,0,109,2,122
222,4,113,0,110,9,116,13,121,12,130,7,113,1,120,3,121,5,124,2,123,14,123,6,128
223,13,122,3,122,7,114
224,3,123,9,117,5,125,1,121,7,115,2,124,0,111
225,6,129,9,118,2,125,5,126
226,3,124,12,131,5,127,7,116,13,123,0,112,9,119,2,126,14,124
227,5,128,2,127,12,132,1,122
228,1,123,0,113,4,114,3,125,6,130,7,117,5,129
229,4,115,5,130
230,13,124,14,125,12,133,1,124,7,118,9,120,3,126,4,116
231,0,114,2,128,3,127,14,126,7,119,6,131
232,9,121,6,132,2,129,12,134,13,125,5,131,14,127,1,125
233,14,128,6,133,12,135,4,117,3,128
234,4,118,9,122,1,126,13,126,14,129,12,136,7,120,2,130,6,134,0,115,3,129,5,132
235,3,130,7,121,5,133,6,135,0,116,9,123,12,137,4,119,13,127,14,130,1,127,2,131
236,9,124,5,134,1,128
237,13,128,9,125,5,135,14,131,12,138
238,2,132,12,139,3,131,1,129,13,129,14,132,0,117,6,136,7,122,5,136,9,126
239,7,123,14,133,1,130,9,127,6,137,12,140,0,118,2,133,13,130,5,137,3,132
240,5,138,13,131,0,119,7,124,6,138,1,131,12,141,4,120,2,134,3,133,14,134
241,6,139,7,125,3,134
242,13,132,5,139,14,135,12,142,7,126,4,121,6,140,2,135,9,128,1,132,3,135
243,14,136,2,136,1,133,9,129,13,133,5,140
244,2,137,0,120,4,122,1,134
245,0,121
246,7,127,0,122,14,137,4,123,9,130,3,136,13,134,1,135
247,3,137,2,138,9,131
248,0,123,2,139,7,128,14,138,4,124,3,138,13,135,5,141
249,2,140,3,139,13,136
250,5,142,14,139,9,132,2,141,7,129,0,124,1,136,6,141,12,143
251,5,143,12,144,14,140,6,142,13,137,1,137,9,133,3,140,2,142,4,125
252,2,143,13,138
253,12,145,5,144,2,144,7,130,14,141,1,138,0,125,4,126
254,4,127,13,139,6,143,2,145,12,146,14,142
255,7,131,6,144,4,128,0,126,2,146
256,7,132,12,147,9,134,4,129,2,147,5,145,3,141,13,140
257,12,148,4,130
258,6,145,5,146,12,149,13,141,14,143
259,0,127
260,1,139,0,128
261,13,142,7,133,14,144,12,150,1,140,3,142,6,146,5,147,0,129
262,9,135,14,145,6,147,13,143,7,134,0,130,5,148,12,151,2,148,1,141
263,3,143,0,131,2,149
264,6,148,14,146
265,14,147,0,132,5,149,13,144,2,150
266,3,144,0,133,6,149,7,135,5,150,4,131
267,12,152,5,151,3,145,1,142,9,136,13,145,6,150,7,136,4,132,14,148,0,134
268,12,153,7,137,3,146,9,137,2,151,0,135,14,149,6,151,13,146,4,133,5,152
269,1,143,7,138,3,147,14,150,4,134
270,4,135,9,138,6,152,3,148,2,152,7,139,13,147,5,153,12,154,14,151
271,0,136,4,136,5,154,12,155,14,152,7,140,3,149,2,153
272,6,153,2,154,5,155,13,148,7,141,3,150,1,144,9,139,0,137,4,137,14,153
273,13,149,9,140,1,145,0,138,5,156,12,156,4,138,7,142,14,154,2,155,3,151
274,3,152,6,154,5,157,12,157,1,146
275,4,139,2,156,7,143,3,153,6,155,5,158,0,139,1,147,9,141,12,158,14,155
276,12,159,4,140,6,156,3,154,0,140,5,159,9,142
277,13,150,9,143,6,157,3,155,14,156,0,141,1,148,4,141,7,144,12,160
278,2,157,7,145,14,157,9,144,3,156,6,158,12,161,0,142,4,142
279,12,162
280,0,143
281,7,146,4,143,14,158,2,158,0,144,1,149,6,159,13,151,5,160,9,145
282,9,146,7,147,0,145
283,4,144
284,14,159,13,152,1,150,0,146,4,145,5,161,2,159,7,148,9,147,6,160,12,163
285,1,151,12,164,7,149,6,161,9,148,14,160,2,160,4,146
286,9,149,4,147,7,150
287,12,165,14,161,5,162,2,161
288,6,162,0,147,13,153
289,14,162
290,3,157,4,148,1,152,2,162,13,154,14,163,6,163,7,151,9,150,12,166,0,148,5,163
291,12,167,0,149,3,158,1,153,2,163
292,6,164,14,164,4,149,0,150,1,154,13,155,12,168,7,152,5,164
293,12,169,13,156,4,150,1,155,9,151,5,165,6,165,2,164,7,153,3,159,14,165,0,151
294,14,166,4,151,1,156,12,170,0,152,3,160,13,157
295,14,167
296,14,168,1,157
297,3,161,13,158,5,166,9,152,6,166,7,154,1,158,2,165,0,153,14,169,12,171
298,2,166,0,154,6,167,3,162,5,167,4,152,7,155,12,172,1,159,14,170,9,153
299,4,153
300,4,154,9,154,6,168,3,163,7,156,5,168,12,173,2,167,14,171,13,159,1,160
301,9,155,5,169,6,169,12,174,13,160,4,155,14,172
302,14,173,7,157,5,170
303,14,174,0,155,13,161,5,171
304,12,175,7,158,9,156,3,164,0,156,5,172,4,156,2,168,6,170,1,161
305,5,173,2,169,12,176,1,162,7,159,9,157
306,12,177,0,157,9,158,3,165,2,170,7,160,1,163,4,157,6,171
307,0,158,3,166,1,164,6,172,13,162,2,171,14,175,12,178,5,174
308,5,175,4,158,3,167,0,159,9,159
309,14,176,12,179,0,160,9,160,3,168,4,159,13,163,5,176
310,12,180,1,165,4,160,13,164,5,177,0,161,3,169
311,7,161,4,161,0,162,3,170,9,161,13,165,14,177,12,181,6,173
312,13,166,12,182,0,163,4,162,6,174,5,178,14,178,1,166,7,162,9,162,2,172,3,171
313,3,172,4,163
314,0,164,2,173
315,3,173,5,179,13,167,6,175,9,163,1,167,2,174,12,183,0,165
316,0,166
317,4,164,1,168,13,168,3,174,12,184,5,180,2,175,9,164,0,167,14,179
318,2,176,6,176,14,180,4,165,13,169,0,168,12,185
319,7,163,5,181,12,186,9,165,1,169,2,177,3,175,0,169,14,181,4,166,13,170
320,0,170,5,182,13,171,4,167,2,178,9,166,14,182,7,164,6,177,12,187
321,2,179,0,171,14,183,13,172,7,165,6,178,3,176,12,188,9,167,1,170
322,6,179,9,168,7,166,2,180,14,184,0,172,13,173,3,177,5,183,12,189,4,168,1,171
323,4,169,9,169,12,190,1,172,6,180,13,174,7,167,0,173,5,184,2,181,3,178,14,185
324,12,191,5,185,14,186,3,179,6,181,4,170,13,175,2,182,1,173,9,170,0,174
325,7,168,2,183,6,182,0,175,13,176,3,180,5,186,14,187
326,14,188,13,177,1,174
327,6,183,1,175,14,189,12,192,3,181,13,178
328,9,171,1,176,14,190,13,179
329,7,169,6,184
330,3,182,1,177,2,184,0,176,13,180,14,191,4,171,5,187,9,172,12,193
331,0,177,9,173,5,188,14,192,2,185,1,178,4,172,6,185,12,194,13,181,7,170
332,5,189,7,171,4,173,1,179,14,193,0,178,12,195,13,182,2,186
333,5,190
334,7,172,6,186,2,187,14,194,12,196
335,6,187,7,173
336,5,191
337,7,174,4,174,14,195,1,180,3,183,12,197,2,188,9,174,0,179,6,188,13,183
338,5,192,14,196,9,175,0,180,1,181,4,175,3,184,2,189,6,189,12,198,7,175
339,12,199,4,176,13,184,0,181,9,176
340,12,200,3,185,0,182
341,3,186,0,183,13,185
342,12,201,9,177,5,193
343,4,177,1,182
344,1,183,9,178,3,187,4,178,5,194,7,176,2,190,12,202,13,186,14,197,0,184
345,12,203,0,185,13,187
346,1,184,5,195
347,6,190,5,196,3,188,12,204,1,185,13,188,4,179
348,12,205,14,198,0,186,7,177,1,186
349,2,191,3,189,6,191,13,189,4,180,1,187,9,179,0,187
350,2,192,13,190,9,180,12,206,1,188,5,197
351,7,178,0,188,2,193,14,199,13,191,12,207
352,14,200,5,198,3,190,2,194,9,181,12,208,7,179,4,181,0,189
353,13,192,2,195
354,3,191,1,189
355,9,182,14,201,0,190,3,192,13,193,1,190,7,180
356,6,192,4,182,9,183,5,199,3,193,2,196,1,191,14,202,7,181,0,191,13,194,12,209
357,13,195,9,184,4,183,7,182,6,193,1,192,2,197,14,203,0,192,3,194,5,200,12,210
358,5,201,2,198
359,7,183,4,184
360,9,185,14,204,5,202,2,199,4,185,3,195
361,5,203,9,186,13,196,4,186
362,1,193,5,204,2,200,13,197,14,205,4,187,3,196
363,6,194,7,184,1,194,14,206,9,187,12,211,5,205,2,201
364,6,195,7,185,4,188,5,206,12,212,1,195,0,193,13,198,3,197,14,207,2,202
365,14,208,5,207,12,213,1,196,7,186,2,203,3,198,13,199,4,189,0,194,6,196,9,188
366,2,204
367,12,214
368,12,215,4,190,13,200,14,209,6,197,2,205
369,0,195,2,206,13,201,3,199
370,3,200,7,187,13,202
371,14,210,2,207,1,197,0,196,9,189,4,191,5,208,3,201,13,203,6,198,12,216
372,9,190,2,208,7,188,13,204,3,202
373,1,198,5,209,12,217,2,209,13,205,4,192,7,189,14,211,6,199
374,3,203,12,218,9,191,14,212,13,206
375,14,213,0,197
376,6,200,9,192,2,210,14,214
377,2,211
378,4,193,13,207,2,212,1,199,0,198,9,193
379,4,194
380,13,208,7,190,6,201,12,219,9,194,2,213,0,199
381,5,210,7,191,12,220,3,204,4,195
382,3,205,6,202,9,195,5,211,13,209
383,14,215,12,221,7,192,13,210
384,4,196,14,216,13,211,6,203,5,212,1,200,7,193,0,200
385,13,212,14,217
386,0,201,9,196,13,213,7,194,6,204,2,214,1,201,3,206,14,218,5,213,4,197,12,222
387,12,223,9,197,6,205,1,202
388,5,214,7,195,12,224,4,198,0,202,3,207,14,219,13,214,9,198
389,0,203,7,196,2,215,14,220,6,206,5,215,9,199,12,225,4,199,1,203,13,215
390,4,200,12,226,14,221,7,197,9,200,13,216
391,14,222
392,5,216,13,217,4,201,3,208,12,227,0,204
393,5,217,14,223,13,218,3,209,2,216
394,4,202
395,2,217,7,198,12,228
396,12,229,3,210,9,201,7,199,13,219,0,205
397,7,200,3,211
398,3,212,0,206,6,207,12,230,4,203,5,218,7,201,2,218
399,14,224,4,204,6,208,5,219
400,14,225
401,13,220,9,202,1,204,4,205
402,7,202,13,221,4,206,5,220,2,219,14,226,9,203,3,213,12,231,1,205,6,209
403,0,207,5,221,14,227,2,220,6,210,4,207,13,222,12,232,1,206
404,4,208,0,208,13,223,7,203,5,222,3,214
405,14,228,2,221,12,233,9,204,13,224,3,215,1,207,0,209,6,211
406,12,234,1,208
407,2,222,5,223,14,229,6,212,0,210,7,204,3,216,13,225,12,235,9,205,4,209
408,5,224,2,223,9,206,3,217,14,230,0,211,12,236,4,210
409,6,213,5,225,9,207,13,226,2,224,14,231,12,237,0,212,1,209,3,218,4,211
410,3,219,13,227,9,208,4,212,2,225,5,226
411,2,226,14,232,12,238,9,209,1,210,0,213,13,228,3,220,5,227,4,213
412,14,233,7,205,2,227
413,3,221,6,214,4,214,9,210,1,211,2,228,5,228,0,214,14,234
414,9,211,4,215,14,235,2,229,7,206,6,215
415,1,212,4,216,3,222,6,216,2,230,0,215
416,5,229,13,229,7,207,3,223,2,231,0,216,9,212,12,239,6,217,14,236,4,217,1,213
417,2,232,9,213,4,218,6,218,1,214,13,230,3,224,12,240
418,14,237,5,230,6,219,12,241,1,215,7,208,0,217,2,233,4,219
419,7,209,12,242,6,220,3,225,0,218
420,6,221,0,219,5,231,9,214
421,1,216,9,215,6,222,14,238,5,232,12,243,0,220,4,220
422,5,233
423,13,231,9,216,4,221,7,210,1,217,12,244,3,226,2,234,14,239
424,9,217,0,221,13,232,12,245,5,234
425,13,233,2,235,1,218,9,218,12,246,14,240,4,222,3,227
426,1,219
427,2,236,12,247,1,220,7,211,13,234,14,241,4,223,6,223,9,219
428,13,235,7,212,14,242,9,220,3,228
429,1,221,7,213,2,237,5,235
430,2,238,7,214,1,222,9,221,4,224,14,243
431,5,236,13,236,12,248,3,229,4,225,2,239
432,0,222
433,4,226,2,240,6,224,9,222,14,244,3,230,13,237,7,215
434,14,245,9,223,2,241,3,231,0,223,4,227,1,223,5,237,7,216
435,4,228,5,238,12,249,3,232,6,225,9,224,0,224
436,2,242,14,246,9,225,13,238,1,224,5,239,4,229,6,226,7,217,0,225
437,0,226,4,230,2,243,12,250,9,226,14,247,1,225,7,218
438,1,226,13,239,3,233,0,227,2,244,4,231,12,251
439,13,240,14,248,9,227,6,227
440,14,249,7,219
441,13,241,6,228,7,220,12,252,2,245,1,227,5,240,0,228,9,228,14,250,4,232,3,234
442,1,228,4,233,0,229,6,229,12,253,9,229,13,242,5,241,7,221,2,246,14,251
443,7,222,3,235,13,243,5,242
444,2,247,6,230,1,229,3,236,4,234,13,244,12,254,5,243,7,223,0,230
445,0,231,9,230,2,248,6,231,5,244,3,237,14,252,4,235
446,2,249,4,236
447,4,237,14,253,0,232,12,255,5,245,3,238,7,224
448,14,254,1,230,7,225,4,238,0,233,12,256,5,246,3,239
449,3,240,14,255,7,226
450,9,231,1,231,7,227,3,241,5,247,6,232,12,257
451,1,232,7,228,14,256,2,250,3,242
452,4,239,9,232,12,258,14,257,1,233,5,248,2,251,0,234,7,229,6,233
453,14,258,1,234
454,6,234,2,252,0,235
455,1,235,5,249,2,253,14,259,3,243,7,230
456,9,233,3,244,13,245,12,259,14,260
457,9,234,6,235,13,246
458,14,261,13,247,2,254,0,236,5,250,3,245,12,260,6,236,4,240,7,231,1,236,9,235
459,5,251,14,262,0,237,6,237,3,246
460,4,241,0,238,6,238
461,3,247,13,248,7,232,5,252,1,237,6,239,4,242
462,2,255,12,261
463,7,233,0,239,9,236,6,240
464,14,263,6,241,7,234,5,253,0,240,1,238,2,256,12,262
465,4,243,3,248,9,237,2,257,5,254,1,239,12,263
466,0,241,4,244,13,249,14,264,7,235,2,258,6,242
467,13,250,1,240,2,259
468,7,236,12,264,13,251,2,260
469,2,261,4,245,12,265,1,241,7,237,13,252,6,243,9,238,3,249,0,242,14,265,5,255
470,3,250,9,239,4,246,13,253,1,242,5,256
471,7,238,14,266,13,254,9,240
472,13,255,3,251,4,247
473,5,257,7,239,13,256,0,243,4,248
474,7,240,14,267,0,244,3,252,12,266,5,258,2,262
475,2,263,7,241,12,267,6,244,13,257,14,268,3,253,4,249
476,0,245,4,250
477,1,243,14,269
478,2,264,0,246,3,254,13,258,14,270
479,3,255
480,3,256,0,247,13,259
481,14,271,13,260,4,251,6,245,0,248,3,257,1,244,9,241,5,259,2,265,7,242
482,0,249,7,243,9,242,2,266,3,258,6,246,12,268,4,252,5,260
483,6,247
484,3,259,13,261,1,245,6,248,5,261
485,2,267,9,243,13,262,1,246
486,4,253,9,244,0,250,13,263,5,262
487,3,260,0,251,7,244,9,245,1,247,5,263,6,249,12,269
488,7,245,5,264,4,254,3,261
489,1,248,6,250,0,252,2,268,4,255,14,272,12,270,3,262,5,265
490,13,264,1,249,4,256,14,273,0,253
491,12,271,9,246,1,250,3,263,0,254,5,266,13,265,14,274,7,246,2,269,4,257,6,251
492,5,267,7,247,13,266,0,255,2,270,4,258,1,251
493,9,247,13,267,7,248
494,1,252
495,5,268,13,268,9,248,0,256,14,275,7,249,2,271,4,259,12,272,6,252
496,3,264,6,253,12,273,9,249,2,272,7,250,14,276,1,253,13,269,4,260,5,269
497,7,251,0,257
498,13,270
499,7,252,2,273,9,250,0,258,12,274,6,254
500,12,275,4,261,13,271,1,254,14,277
501,6,255,1,255,0,259
502,13,272,9,251,0,260,7,253,5,270,1,256,3,265,14,278,2,274,6,256,4,262
503,9,252,3,266,13,273,14,279,6,257,4,263,2,275,0,261,12,276,5,271
504,13,274,3,267,6,258,4,264,12,277,9,253,2,276,5,272,0,262,1,257
505,6,259
506,1,258,13,275,7,254,14,280,5,273,6,260,0,263,9,254,2,277
507,3,268,9,255,14,281,13,276,7,255,5,274,12,278,6,261,2,278
508,1,259,6,262,12,279,7,256,14,282
509,14,283,2,279,12,280,0,264
510,7,257,3,269,12,281
511,0,265,2,280,5,275,14,284,6,263,9,256,12,282,13,277
512,0,266,14,285
513,0,267
514,4,265,6,264,13,278,7,258
515,0,268,9,257,3,270,4,266,7,259,1,260,6,265,13,279
516,3,271,12,283,2,281,4,267,7,260,14,286
517,3,272,12,284,14,287,6,266,4,268,1,261,7,261,2,282,9,258,13,280,0,269,5,276
518,4,269,12,285,0,270,9,259,13,281,3,273,5,277,1,262,6,267,7,262
519,3,274
520,1,263,7,263,4,270,2,283,13,282,6,268,14,288,12,286
521,1,264,9,260,5,278,13,283,14,289,2,284,7,264,6,269,4,271
522,9,261,4,272,2,285
523,2,286,12,287,1,265,0,271,9,262,6,270,3,275,13,284,4,273,7,265,14,290
524,7,266
525,13,285,2,287,5,279
526,14,291,4,274
527,4,275,7,267,12,288,5,280,0,272,3,276,9,263
528,13,286,7,268,1,266
529,14,292,12,289,7,269,4,276,5,281,1,267,9,264,3,277,6,271,2,288,13,287,0,273
530,13,288,2,289,6,272,12,290,14,293,4,277,5,282,0,274,9,265
531,5,283,9,266,13,289,0,275,3,278,1,268,6,273,4,278,2,290
532,0,276,14,294,9,267,5,284
533,0,277,12,291,7,270
534,12,292,4,279,9,268,1,269,0,278,13,290,14,295,7,271,2,291,5,285,6,274
535,13,291,7,272,4,280,12,293,3,279,2,292,14,296
536,1,270,13,292,2,293,7,273,0,279,6,275,4,281,3,280,9,269,5,286,14,297
537,13,293,3,281
538,1,271
539,9,270,5,287,13,294,7,274,2,294,6,276,4,282,3,282,14,298
540,13,295
541,4,283,3,283,2,295,14,299,9,271,1,272,6,277,12,294
542,2,296,5,288,1,273,0,280,9,272,12,295,6,278
543,12,296,0,281,5,289,7,275,1,274,3,284,2,297,4,284,6,279,14,300,13,296,9,273
544,2,298,7,276,12,297,3,285,14,301,4,285,9,274,0,282,5,290
545,2,299,9,275,13,297,7,277,6,280,3,286,1,275
546,0,283,12,298,7,278,2,300
547,14,302
548,13,298,3,287,12,299,5,291,6,281
549,0,284
550,6,282,3,288,5,292,7,279,1,276,14,303,4,286
551,3,289,0,285,6,283,1,277,13,299,7,280,9,276,2,301,5,293,4,287,12,300,14,304
552,3,290,6,284,12,301,14,305,4,288,5,294,0,286,1,278,7,281,9,277,2,302
553,6,285,0,287,4,289,14,306,9,278,13,300,7,282,5,295,2,303,12,302
554,5,296
555,0,288,2,304,5,297,7,283,4,290,1,279,9,279,3,291,14,307,6,286,13,301
556,2,305,4,291,1,280,6,287,3,292
557,6,288
558,1,281,13,302,5,298,9,280,0,289,3,293
559,7,284
560,1,282,12,303,3,294,4,292,0,290
561,1,283,0,291,7,285,4,293,5,299,14,308,2,306
562,0,292,3,295,2,307,12,304,5,300
563,6,289,3,296
564,0,293,14,309,7,286,5,301,3,297,13,303,9,281,2,308
565,0,294,5,302,3,298,1,284,9,282,14,310,12,305,13,304
566,5,303,3,299,13,305,12,306,1,285
567,6,290,13,306,12,307,1,286,3,300,4,294,5,304,2,309,9,283
568,0,295
569,9,284,2,310,6,291,13,307,5,305
570,14,311,4,295,7,287,0,296,6,292,1,287,13,308,12,308
571,14,312,7,288,2,311,4,296,13,309,5,306
572,9,285,12,309
573,9,286,4,297,14,313,2,312,6,293
574,3,301,1,288,12,310,14,314
575,5,307,3,302,13,310,9,287,7,289,12,311,2,313,0,297,6,294,4,298,14,315,1,289
576,4,299,1,290,0,298,3,303,6,295,12,312,2,314,9,288,5,308,7,290
577,7,291,6,296,0,299
578,6,297,7,292,9,289,5,309,4,300,3,304,0,300
579,0,301,1,291,13,311
580,0,302,1,292,14,316,7,293,9,290,6,298,4,301,12,313,3,305,5,310
581,3,306,6,299,13,312
582,0,303,6,300,9,291
583,7,294
584,12,314,13,313,9,292,6,301,2,315,0,304,4,302,1,293,3,307,7,295,14,317
585,6,302,1,294,13,314,4,303,5,311,0,305,9,293,7,296,3,308,14,318,12,315
586,4,304,0,306,6,303,3,309,2,316,1,295
587,9,294,5,312,7,297,14,319,6,304,4,305,13,315,2,317,0,307,1,296,12,316
588,14,320,0,308,2,318,1,297
589,12,317,0,309
590,3,310
591,2,319,3,311,13,316,6,305
592,4,306,12,318,0,310,14,321
593,12,319,2,320,13,317,6,306,9,295,0,311,3,312,5,313,4,307
594,14,322,7,298,1,298,4,308,2,321,6,307,9,296,3,313,5,314,13,318,0,312
595,3,314,1,299,13,319,14,323,6,308,12,320,5,315,7,299,4,309,9,297,2,322,0,313
596,14,324,13,320,4,310
597,3,315,4,311,6,309,14,325
598,3,316
599,4,312,6,310
600,0,314,1,300,3,317
601,7,300,12,321,14,326,3,318,5,316,6,311,1,301
602,6,312,1,302,3,319,13,321,14,327,12,322,0,315,5,317
603,9,298,14,328,5,318
604,1,303,2,323,7,301,5,319,4,313,6,313,14,329
605,5,320,1,304,7,302
606,3,320,5,321,4,314,13,322,1,305,12,323,9,299,2,324,0,316,7,303,14,330,6,314
607,3,321,7,304,4,315,6,315
608,2,325,5,322
609,7,305,0,317,1,306,6,316,4,316,12,324,13,323,3,322,9,300,2,326,14,331
610,7,306,3,323,5,323,13,324,12,325,4,317,1,307,0,318,6,317
611,14,332
612,12,326,6,318
613,9,301,7,307,12,327,14,333
614,3,324,9,302,7,308,1,308,2,327,14,334,4,318,12,328,6,319,5,324,0,319
615,4,319,14,335,7,309,13,325,2,328,5,325,6,320
616,12,329,6,321,7,310,14,336,5,326,2,329,3,325,0,320,13,326
617,0,321
618,7,311,6,322,9,303,1,309,4,320,0,322,3,326,12,330,5,327,14,337
619,7,312,1,310
620,13,327,9,304,1,311,3,327
621,12,331,9,305,2,330,0,323,14,338,4,321,13,328,1,312,7,313,6,323,3,328
622,14,339,9,306,3,329,5,328,6,324,2,331,1,313,12,332,13,329,7,314,0,324,4,322
623,13,330,5,329
624,2,332,4,323,1,314,12,333,7,315,6,325,9,307,5,330,3,330
625,14,340,1,315,4,324,2,333,3,331
626,5,331,7,316,6,326,13,331,0,325,2,334,3,332,14,341
627,4,325,0,326,7,317,13,332,6,327,2,335,14,342
628,4,326,14,343,5,332,0,327,6,328,3,333,13,333
629,9,308
630,2,336
631,7,318,9,309,0,328,4,327,13,334,14,344,1,316,12,334
632,13,335,3,334,12,335,6,329,0,329,14,345,1,317,4,328,9,310,7,319,2,337
633,12,336,2,338,4,329
634,3,335,7,320,4,330,14,346
635,0,330,14,347,13,336,2,339,6,330,4,331,3,336,7,321,12,337,9,311
636,5,333,6,331,13,337,7,322
637,12,338,14,348,9,312,0,331,7,323,3,337,5,334,13,338,4,332,6,332,1,318,2,340
638,2,341,9,313,3,338,4,333,13,339,1,319
639,1,320,2,342
640,13,340,7,324,3,339,0,332,12,339,5,335,6,333,1,321,2,343,4,334
641,14,349,2,344,6,334,5,336,7,325,1,322,4,335,3,340,12,340,9,314
642,14,350,2,345,13,341
643,3,341,12,341
644,14,351,6,335,7,326,12,342,5,337
645,1,323,3,342,6,336,4,336,2,346,9,315,7,327,5,338,12,343,14,352,0,333
646,4,337,14,353,12,344,0,334,9,316,3,343,1,324,5,339,2,347,7,328
647,5,340
648,2,348,0,335,3,344,13,342,4,338,5,341,7,329
649,2,349,14,354,6,337,7,330,4,339,9,317,0,336,3,345,5,342,1,325,12,345
650,9,318,13,343,14,355,3,346,4,340,1,326,6,338,2,350,7,331,12,346,0,337
651,3,347,1,327,6,339,9,319,14,356,13,344,12,347
652,3,348,13,345,4,341,14,357,0,338,1,328,2,351,9,320,6,340,12,348,7,332,5,343
653,1,329,14,358,0,339,5,344,2,352,13,346
654,7,333,9,321
655,6,341,2,353,1,330
656,3,349,12,349,0,340,6,342,5,345,9,322,4,342,1,331,7,334,14,359
657,12,350,13,347,2,354,4,343,6,343,14,360,7,335,1,332
658,6,344,7,336,2,355,5,346,4,344,0,341,13,348
659,9,323,4,345
660,14,361,6,345,3,350,12,351,1,333,13,349,0,342,7,337,9,324,5,347,2,356
661,1,334,14,362,12,352,7,338,9,325,13,350,2,357,5,348,0,343
662,7,339,9,326,3,351,1,335,6,346,14,363,5,349
663,13,351,2,358,0,344,14,364,9,327,3,352
664,14,365,5,350,9,328,3,353
665,13,352,0,345,4,346,7,340,1,336,5,351,12,353,2,359,6,347
666,5,352,3,354,6,348
667,1,337,4,347,5,353,6,349,12,354,0,346,3,355,14,366,2,360,13,353
668,2,361,13,354,9,329,5,354,7,341,1,338,6,350,3,356,4,348
669,14,367,5,355,12,355,7,342,4,349,2,362,0,347,3,357,6,351,13,355
670,7,343,12,356,0,348,14,368,13,356,4,350,1,339,6,352,3,358,5,356
671,12,357,2,363,13,357
672,13,358,2,364,12,358,7,344,9,330,1,340,4,351,3,359,0,349,6,353,5,357,14,369
673,6,354,14,370,13,359,5,358,2,365,4,352
674,6,355,4,353,13,360,5,359,14,371,2,366,7,345,1,341,3,360,0,350
675,9,331,0,351
676,12,359,5,360,13,361,14,372,1,342,9,332,4,354,3,361
677,6,356,7,346,12,360,2,367,3,362,14,373,4,355,0,352,13,362,9,333
678,4,356,0,353,6,357,12,361,7,347
679,0,354,12,362,9,334,1,343,13,363,2,368,6,358,3,363
680,0,355,14,374,3,364,12,363,1,344,7,348
681,7,349,13,364,12,364
682,14,375,6,359,3,365,13,365,2,369,5,361,7,350
683,2,370,4,357,13,366,7,351,12,365,9,335
684,12,366,2,371,4,358,6,360,5,362,7,352,3,366,9,336
685,1,345,6,361,2,372,3,367,7,353,9,337,12,367
686,1,346,7,354,13,367,2,373,6,362,9,338,4,359,12,368
687,5,363,12,369,14,376,2,374,4,360,9,339,3,368,0,356
688,2,375,14,377,9,340,5,364,7,355,6,363,4,361
689,6,364,4,362,12,370,2,376,14,378,0,357
690,5,365,2,377,13,368,12,371,9,341,1,347
691,1,348,12,372,14,379,0,358,5,366,7,356,3,369,2,378,4,363,6,365,9,342
692,1,349,14,380,6,366,13,369,2,379,4,364,9,343,3,370,5,367,12,373,0,359,7,357
693,3,371,12,374,9,344
694,14,381,4,365,1,350,7,358,9,345
695,4,366,5,368
696,12,375,3,372
697,12,376,13,370,1,351,9,346,14,382,6,367,5,369,0,360,7,359,4,367,2,380,3,373
698,14,383,2,381,12,377,7,360,5,370,3,374,6,368,13,371,0,361
699,13,372,12,378,3,375,4,368,2,382,1,352,9,347,6,369,14,384,5,371,7,361,0,362
700,14,385,9,348,12,379,6,370
701,3,376,9,349,2,383,1,353
702,3,377,13,373,1,354
703,3,378,0,363,12,380,13,374,7,362,9,350,2,384,6,371,14,386,1,355,5,372
704,5,373,12,381,0,364,4,369,7,363,3,379,2,385,14,387
705,4,370
706,9,351,1,356,13,375,0,365,3,380,2,386,6,372,4,371,12,382,14,388
707,0,366,5,374,12,383,4,372,6,373,7,364,2,387,13,376
708,2,388,0,367,1,357
709,5,375,6,374,1,358,14,389,7,365,13,377
710,14,390,3,381,5,376,4,373,0,368
711,0,369,3,382,12,384,6,375,1,359,5,377
712,5,378,2,389,14,391,3,383,4,374
713,12,385,5,379
714,13,378,14,392,7,366
715,14,393,4,375,2,390,12,386,0,370,3,384,9,352,13,379
716,0,371,7,367,5,380,6,376,13,380,2,391,3,385
717,12,387,14,394,9,353,0,372,5,381,1,360,7,368,3,386,2,392,4,376,13,381
718,7,369,0,373,5,382,12,388
719,7,370,12,389,9,354,3,387,1,361,13,382,6,377,5,383
720,13,383,7,371,14,395,9,355,2,393,3,388
721,7,372,2,394
722,13,384,12,390
723,4,377,1,362,2,395,0,374,6,378,14,396,9,356,13,385,12,391
724,0,375,5,384,4,378,6,379,9,357,13,386,1,363,2,396,3,389,12,392,14,397
725,12,393,2,397,4,379,5,385
726,6,380,12,394,14,398
727,6,381,12,395,4,380,2,398,9,358,3,390,5,386,1,364,14,399,7,373
728,6,382,14,400,3,391,13,387,12,396,4,381,0,376,7,374,1,365,9,359
729,6,383,5,387,7,375,14,401,13,388,12,397,9,360
730,12,398,5,388,14,402,6,384,4,382,9,361,1,366,3,392,0,377,2,399,13,389,7,376
731,5,389,0,378
732,2,400,5,390,3,393
733,6,385,5,391,13,390,3,394,4,383
734,13,391,12,399,3,395,2,401,0,379,5,392,9,362,1,367,4,384
735,14,403,0,380,2,402,7,377,4,385,3,396
736,6,386,0,381,9,363
737,9,364,3,397,4,386,6,387,7,378,1,368
738,5,393,3,398,7,379,9,365,4,387
739,14,404,3,399,9,366,0,382,1,369,4,388,13,392,2,403,5,394
740,5,395,13,393,7,380,14,405,2,404,3,400,9,367,12,400,4,389,6,388,1,370,0,383
741,5,396,0,384,4,390,12,401,14,406,3,401,7,381,1,371,6,389,9,368,13,394,2,405
742,2,406,0,385,5,397,6,390,12,402,3,402,7,382,1,372,13,395,4,391
743,4,392,9,369,7,383
744,0,386,7,384,13,396,9,370,3,403,2,407,14,407,1,373,6,391,12,403
745,3,404,4,393,12,404,7,385,13,397,2,408,6,392,9,371
746,13,398,3,405
747,13,399,5,398,4,394,7,386,14,408,6,393,0,387,2,409,9,372,3,406,12,405,1,374
748,14,409,3,407,1,375,7,387,9,373,13,400,6,394,2,410,12,406
749,12,407,0,388,9,374,14,410
750,14,411,1,376,2,411,7,388,4,395,12,408,9,375,13,401,0,389,5,399
751,0,390,13,402,3,408,1,377,5,400,7,389,2,412,4,396,6,395,9,376
752,9,377,6,396
753,3,409,1,378,2,413,12,409
754,14,412,12,410,0,391,1,379,4,397
755,12,411,7,390,2,414,9,378
756,7,391,9,379,4,398,1,380,2,415,14,413,12,412,0,392,6,397
757,13,403,14,414,1,381,12,413,2,416,9,380,4,399,6,398
758,9,381,2,417,5,401
759,5,402,9,382,2,418,12,414,13,404,1,382,6,399,14,415
760,13,405,0,393,2,419,12,415,9,383,7,392,5,403,3,410,14,416,4,400,6,400
761,12,416,4,401,6,401,14,417,2,420,0,394,13,406,1,383,7,393,5,404,9,384,3,411
762,12,417,14,418,7,394,4,402,6,402
763,14,419,5,405,0,395
764,9,385,0,396,13,407,5,406
765,3,412,2,421,5,407,9,386,7,395,14,420
766,7,396,12,418,3,413,5,408,13,408,9,387,6,403,2,422,14,421,0,397
767,12,419,5,409,9,388,3,414
768,9,389,5,410,6,404,13,409,7,397,1,384,0,398,14,422,2,423,12,420,3,415,4,403
769,1,385,5,411,14,423,3,416
770,12,421,4,404,6,405,13,410,2,424,9,390,1,386,0,399,7,398
771,6,406,9,391,4,405,2,425,3,417,5,412,13,411,1,387,14,424,12,422,7,399,0,400
772,2,426,1,388,14,425,9,392,5,413,0,401,4,406,7,400,6,407
773,9,393,13,412,4,407,7,401,14,426,5,414
774,4,408,6,408,13,413,7,402,14,427,12,423,3,418
775,5,415,6,409,1,389,14,428,12,424,0,402,9,394
776,5,416,13,414,0,403,12,425
777,9,395,4,409
778,2,427,12,426,4,410,0,404,6,410,13,415,1,390
779,6,411,1,391,14,429,7,403,12,427,0,405,2,428,9,396,3,419,4,411
780,14,430,6,412,1,392,13,416,3,420,4,412,0,406
781,2,429,0,407,4,413,9,397,14,431,6,413,3,421,5,417,1,393
782,7,404,3,422,1,394,0,408,12,428
783,9,398,0,409,14,432,1,395,13,417,2,430,5,418,7,405,4,414
784,2,431
785,6,414
786,5,419,13,418,12,429,9,399,3,423,14,433,0,410,2,432
787,7,406,1,396,13,419,0,411,5,420,14,434,4,415,2,433,12,430,9,400,6,415
788,6,416,5,421,2,434,13,420,0,412,4,416
789,14,435,7,407,12,431,0,413
790,2,435,12,432,6,417,9,401,13,421,3,424,5,422,1,397,0,414,14,436
791,4,417,7,408,2,436,5,423,9,402,13,422,6,418,12,433,1,398,0,415
792,3,425
793,0,416,14,437,4,418,6,419,13,423,1,399,2,437,5,424
794,12,434,5,425,3,426,6,420
795,5,426,7,409,9,403,2,438
796,14,438,2,439,5,427,13,424,4,419,6,421,0,417,9,404,3,427,12,435,1,400,7,410
797,7,411,14,439,13,425,12,436
798,9,405,6,422,4,420,3,428,0,418,14,440,1,401,12,437,2,440
799,9,406,4,421,3,429,1,402,2,441,7,412,14,441,13,426,5,428,0,419,6,423
800,6,424,9,407,0,420,14,442,4,422,3,430,13,427,5,429,1,403,2,442
801,6,425,13,428,14,443,5,430,4,423,9,408,3,431,7,413,2,443,0,421,12,438,1,404
802,6,426,4,424,14,444,12,439,9,409,2,444,1,405,13,429,0,422,5,431,7,414,3,432
803,13,430,7,415,5,432,12,440,4,425,0,423,2,445,6,427,9,410
804,4,426,2,446,13,431,1,406,7,416,6,428
805,1,407,9,411,6,429,3,433,0,424,12,441,14,445
806,3,434,13,432,6,430
807,14,446,9,412,5,433,13,433,12,442,6,431,0,425,3,435,7,417,1,408,2,447,4,427
808,7,418,13,434,2,448,3,436,9,413,12,443,6,432,1,409,0,426,5,434
809,14,447,3,437,12,444
810,9,414,4,428
811,12,445,5,435
812,2,449,3,438
813,6,433,2,450,14,448,7,419,13,435,12,446
814,9,415,7,420,1,410
815,3,439,2,451,6,434,12,447,4,429,5,436,9,416
816,2,452,4,430,13,436
817,1,411,6,435,13,437,14,449,2,453,7,421,3,440,9,417
818,2,454,1,412,14,450,5,437,12,448,9,418
819,4,431,2,455
820,6,436,5,438
821,0,427,14,451,13,438,1,413,5,439,6,437,12,449,4,432,7,422,3,441
822,0,428,5,440,14,452,6,438,4,433,3,442
823,7,423,13,439,1,414,4,434
824,14,453,9,419,0,429
825,6,439,2,456,0,430
826,2,457,9,420,3,443,0,431,4,435,14,454,12,450,1,415,5,441,13,440
827,1,416,13,441
828,0,432,2,458
829,13,442,6,440,14,455,3,444,1,417,5,442,4,436,12,451,2,459,0,433,7,424
830,4,437
831,12,452,6,441,5,443,3,445,14,456,4,438,2,460,1,418
832,9,421,2,461,12,453,4,439,14,457,7,425,6,442,3,446
833,3,447,4,440,14,458,2,462,5,444,13,443,1,419,0,434,12,454,6,443,7,426
834,1,420,13,444,4,441,14,459,7,427
835,7,428,12,455,0,435,9,422
836,9,423,5,445,13,445,0,436,2,463,6,444,7,429
837,4,442,0,437,2,464,9,424,12,456,3,448,14,460,7,430,6,445,5,446
838,0,438,4,443,9,425,12,457,6,446,3,449,7,431,13,446,2,465,14,461,5,447
839,14,462,1,421,13,447,6,447,5,448,12,458,2,466
840,4,444,0,439,1,422,3,450,5,449
841,4,445,9,426,0,440,14,463,5,450,3,451
842,9,427,13,448,2,467,12,459,4,446,5,451,14,464
843,9,428
844,14,465,7,432,12,460,3,452,9,429
845,0,441
846,4,447
847,4,448
848,2,468,4,449,0,442,14,466,13,449,12,461,9,430,5,452,7,433
849,0,443,7,434,12,462,13,450,9,431,6,448,5,453,14,467,4,450
850,13,451,12,463,5,454,2,469,1,423,0,444,7,435,6,449,4,451,9,432
851,5,455,2,470,0,445
852,12,464,6,450,9,433,2,471,3,453,0,446,14,468
853,14,469,6,451,1,424,2,472,0,447,9,434
854,14,470,6,452,12,465,1,425,7,436,9,435,13,452,3,454,5,456,2,473,4,452
855,4,453,13,453,6,453,12,466,5,457,3,455,0,448
856,1,426,2,474,6,454,4,454
857,5,458,6,455,3,456,1,427,0,449,2,475,13,454,7,437
858,5,459,13,455,3,457,0,450,7,438,14,471,6,456,1,428,9,436,2,476,4,455
859,1,429,5,460,9,437,12,467
860,6,457,4,456,7,439,12,468,2,477,3,458,0,451,1,430
861,13,456,7,440,4,457,9,438,3,459,12,469,14,472,0,452,6,458
862,13,457,12,470,5,461,0,453,6,459,3,460,7,441,9,439,2,478,1,431,14,473
863,7,442,5,462,12,471,3,461,4,458,0,454,9,440
864,13,458,9,441,0,455,5,463,14,474,6,460,3,462,4,459,7,443,2,479,1,432,12,472
865,9,442,0,456,7,444,4,460,14,475,2,480,1,433
866,2,481,13,459,14,476,9,443,1,434,3,463,4,461,7,445,0,457,12,473,6,461
867,5,464,1,435,6,462,0,458,12,474,2,482,9,444,13,460,14,477,3,464
868,4,462
869,13,461,12,475,0,459,7,446,3,465,14,478,1,436,6,463,2,483,9,445
870,14,479,3,466,2,484,12,476,13,462,1,437,7,447
871,9,446,0,460,4,463,5,465,7,448,2,485,3,467
872,7,449,0,461,4,464,5,466,13,463,1,438,3,468,12,477,6,464,14,480
873,3,469,0,462,2,486
874,5,467,2,487,6,465,3,470,12,478,1,439,13,464,4,465
875,9,447,14,481,0,463,4,466,7,450,3,471,13,465,1,440,12,479,2,488,6,466,5,468
876,12,480,3,472,9,448,6,467,14,482
877,1,441,6,468,9,449,3,473,2,489
878,7,451,5,469,9,450,4,467,0,464,1,442,13,466,2,490,6,469,3,474
879,5,470,0,465,13,467,12,481,9,451,14,483,3,475
880,14,484,2,491,12,482,0,466,13,468,9,452,4,468,3,476
881,12,483,9,453,1,443,14,485,0,467,7,452,13,469
882,14,486,12,484,13,470
883,9,454,3,477,4,469,7,453,6,470,5,471,1,444
884,7,454,0,468,12,485,4,470,5,472
885,7,455
886,9,455,12,486,6,471,14,487,3,478,7,456,4,471,0,469,5,473,1,445,2,492,13,471
887,4,472
888,14,488,12,487,13,472,0,470,6,472,2,493,1,446,9,456,4,473
889,4,474
890,4,475,5,474,7,457,6,473,14,489
891,14,490,6,474,7,458,13,473,5,475,1,447,2,494,4,476
892,1,448,0,471,12,488,4,477,2,495,6,475,3,479,5,476,14,491,7,459
893,3,480,0,472,9,457,5,477,13,474,6,476,1,449,2,496,14,492,12,489
894,9,458,13,475,3,481,14,493,12,490,4,478,5,478,1,450,0,473,2,497,6,477
895,14,494,0,474,13,476,1,451,7,460,12,491,6,478,9,459,3,482
896,3,483,1,452,13,477,2,498
897,13,478,12,492,3,484
898,7,461,9,460,0,475,3,485,6,479,5,479,12,493,14,495
899,3,486,1,453,0,476,4,479,7,462
900,6,480
901,9,461,12,494,4,480,1,454,14,496,5,480,0,477,6,481,13,479,3,487,7,463,2,499
902,4,481,9,462,0,478,5,481,6,482,3,488,7,464,1,455
903,3,489,2,500,7,465
904,6,483,0,479,2,501,13,480,5,482,12,495,9,463,1,456,7,466,14,497,3,490,4,482
905,12,496,2,502,9,464,14,498,5,483
906,14,499,9,465,4,483,2,503,6,484,12,497,5,484,1,457,3,491,13,481,7,467
907,13,482,1,458,6,485,3,492,12,498,14,500,4,484,7,468,5,485
908,0,480,6,486,2,504,5,486,7,469,1,459,13,483,9,466,12,499,14,501,3,493
909,0,481,12,500,6,487,13,484
910,5,487,7,470,0,482,13,485,2,505,6,488,3,494,4,485,14,502
911,9,467,1,460,7,471,12,501,6,489,2,506,4,486,5,488,13,486,0,483,14,503,3,495
912,0,484,9,468
913,7,472,9,469,3,496,14,504,12,502,4,487,6,490,1,461
914,9,470,6,491,0,485,3,497,5,489
915,9,471,13,487,6,492,1,462,14,505,2,507
916,6,493,4,488,14,506
917,0,486,7,473,6,494,1,463,3,498,5,490,12,503,9,472
918,7,474
919,1,464,9,473,2,508,13,488,12,504,0,487,7,475,6,495,5,491,3,499,14,507
920,4,489,2,509,12,505,7,476,6,496,5,492,13,489,3,500,9,474,1,465,0,488,14,508
921,4,490
922,9,475,5,493,3,501,1,466,0,489
923,14,509,13,490
924,14,510,13,491
925,13,492,4,491,14,511,12,506,6,497,7,477,2,510
