port,pkt_size,flowid,time
0,1472,33,4
1,1472,7,0
2,256,52,4
3,256,72,1
4,256,42,0
5,256,92,1
6,1472,96,1
7,256,15,4
8,1472,77,3
9,1472,1,1
10,1472,94,4
11,256,84,1
12,1472,83,4
13,1472,83,1
14,256,37,1
15,1472,101,2
16,256,66,1
17,1472,68,0
18,256,17,2
19,1472,55,3
20,1472,53,2
21,256,41,0
22,1472,165,2
23,1472,101,4
24,1472,96,3
25,1472,97,0
26,1472,89,0
27,1472,47,1
28,1472,46,4
29,256,35,0
30,1472,1,1
31,1472,20,3
32,1472,99,1
33,1472,12,1
34,256,92,2
35,1472,48,3
36,1472,61,0
37,1472,104,1
38,256,177,1
39,1472,48,3
40,256,326,1
41,256,99,0
42,1472,21,3
43,256,49,0
44,1472,53,4
45,256,11,4
46,1472,39,4
47,256,75,1
48,1472,1,3
49,256,26,4
50,1472,6,0
51,1472,98,4
52,256,64,1
53,256,65,0
54,256,8,1
55,1472,35,2
56,256,43,3
57,1472,32,1
58,256,91,4
59,1472,85,3
0,256,62,119
1,256,102,115
2,1472,125,24
3,256,84,21
4,1472,55,20
5,256,90,21
6,1472,85,116
7,1472,16,24
8,256,9,118
9,1472,11,116
10,1472,82,119
11,1472,62,21
12,256,104,119
13,256,99,116
14,1472,33,21
15,256,11,117
16,1472,65,21
17,1472,26,115
18,256,73,22
19,1472,72,118
20,1472,39,117
21,256,39,20
22,256,52,117
23,256,66,119
24,1472,17,118
25,256,3,115
26,1472,95,115
27,256,56,116
28,1472,79,119
29,1472,101,20
30,256,80,116
31,1472,84,118
32,256,103,116
33,256,99,116
34,256,62,22
35,256,159,118
36,256,26,115
37,256,105,116
38,1472,38,21
39,256,48,118
40,256,105,21
41,256,8,20
42,1472,9,118
43,1472,65,20
44,256,48,119
45,1472,47,24
46,256,19,119
47,256,73,21
48,1472,65,118
49,256,15,24
50,256,24,115
51,1472,103,119
52,256,88,21
53,1472,66,20
54,256,83,21
55,256,75,117
56,1472,34,23
57,1472,82,116
58,1472,35,24
59,256,103,118
0,1472,93,139
1,256,35,135
2,1472,47,139
3,1472,40,41
4,256,40,135
5,1472,86,41
6,1472,72,231
7,1472,61,139
8,1472,24,138
9,1472,81,231
10,1472,93,234
11,256,44,136
12,256,69,139
13,256,50,136
14,1472,20,136
15,1472,77,137
16,1472,54,136
17,1472,38,230
18,256,39,42
19,1472,54,233
20,1472,74,232
21,1472,3,40
22,1472,26,137
23,256,70,139
24,256,7,233
25,1472,203,135
26,1472,30,230
27,256,79,136
28,256,80,234
29,256,5,135
30,256,69,136
31,256,17,233
32,256,92,136
33,1472,318,136
34,256,6,42
35,1472,18,138
36,256,57,135
37,1472,79,136
38,256,27,136
39,256,16,138
40,256,3,41
41,1472,12,40
42,1472,65,233
43,1472,58,135
44,256,80,139
45,1472,6,139
46,1472,22,139
47,256,71,41
48,1472,6,233
49,1472,197,44
50,256,67,135
51,256,27,234
52,1472,105,41
53,256,64,135
54,1472,21,41
55,256,61,137
56,256,29,138
57,1472,6,231
58,256,38,139
59,1472,7,138
0,256,57,254
1,256,65,155
2,1472,55,254
3,256,42,156
4,256,69,155
5,1472,14,156
6,256,96,346
7,256,167,254
8,1472,105,253
9,1472,9,346
10,256,37,349
11,1472,32,156
12,1472,66,159
13,1472,8,156
14,1472,66,251
15,256,18,252
16,1472,19,251
17,1472,92,345
18,256,14,62
19,1472,17,348
20,1472,55,347
21,256,62,155
22,256,52,252
23,256,31,159
24,1472,11,253
25,256,94,250
26,1472,8,345
27,256,68,156
28,256,56,254
29,256,25,155
30,1472,57,156
31,1472,35,253
32,256,44,156
33,256,8,251
34,1472,6,62
35,256,43,253
36,256,100,155
37,256,72,251
38,256,70,156
39,256,73,158
40,256,74,61
41,1472,92,155
42,1472,54,348
43,256,79,250
44,1472,66,159
45,256,103,254
46,256,330,254
47,1472,6,61
48,256,8,348
49,1472,6,159
50,256,30,155
51,1472,63,254
52,1472,29,156
53,1472,64,155
54,256,22,156
55,1472,77,157
56,1472,104,158
57,1472,22,346
58,256,57,159
59,1472,55,253
0,1472,1,274
1,1472,46,175
2,1472,25,369
3,1472,23,176
4,1472,12,175
5,256,83,271
6,256,78,366
7,1472,61,274
8,1472,67,368
9,256,52,461
10,1472,194,369
11,256,71,271
12,1472,13,274
13,1472,7,271
14,256,100,366
15,1472,144,272
16,1472,31,366
17,1472,56,460
18,1472,78,82
19,256,57,463
20,1472,49,462
21,1472,102,175
22,1472,60,272
23,1472,90,179
24,256,48,368
25,256,47,270
26,1472,28,460
27,256,9,176
28,256,66,274
29,256,31,175
30,1472,89,271
31,1472,13,368
32,256,12,176
33,256,32,271
34,1472,53,177
35,256,73,273
36,1472,85,175
37,1472,43,271
38,256,20,176
39,1472,84,178
40,1472,103,81
41,256,57,270
42,1472,81,463
43,256,13,270
44,1472,56,274
45,256,41,274
46,256,51,274
47,1472,1,176
48,256,32,368
49,256,71,274
50,1472,75,175
51,256,94,369
52,1472,82,271
53,256,87,270
54,256,70,176
55,256,10,272
56,256,10,273
57,1472,67,461
58,256,98,179
59,1472,77,368
0,1472,83,389
1,256,53,290
2,1472,95,484
3,1472,40,291
4,1472,46,290
5,1472,100,291
6,256,58,386
7,256,38,389
8,256,27,483
9,1472,244,481
10,1472,68,484
11,1472,95,291
12,256,93,389
13,1472,144,386
14,1472,95,386
15,1472,35,387
16,1472,85,481
17,1472,87,575
18,256,47,197
19,256,72,483
20,1472,16,577
21,1472,18,290
22,1472,32,387
23,256,52,294
24,256,47,388
25,256,96,290
26,256,82,575
27,256,21,196
28,1472,26,294
29,256,61,195
30,256,18,386
31,1472,55,483
32,256,22,196
33,1472,92,291
34,256,73,292
35,256,97,293
36,256,27,290
37,256,11,386
38,1472,38,196
39,1472,68,293
40,1472,245,196
41,1472,86,290
42,1472,42,578
43,1472,35,290
44,256,47,389
45,256,42,294
46,1472,30,294
47,256,35,291
48,256,47,388
49,1472,80,294
50,256,56,290
51,1472,51,389
52,1472,7,386
53,1472,36,290
54,1472,105,196
55,1472,8,292
56,256,59,293
57,256,36,576
58,256,70,199
59,1472,94,483
0,256,88,504
1,1472,18,310
2,256,8,599
3,1472,20,406
4,1472,70,405
5,256,24,406
6,256,4,406
7,256,34,409
8,256,44,503
9,256,43,596
10,1472,78,599
11,256,85,406
12,1472,21,409
13,1472,242,501
14,1472,41,501
15,256,25,502
16,1472,54,596
17,1472,97,690
18,256,51,217
19,256,40,503
20,256,25,692
21,1472,30,405
22,1472,62,502
23,256,15,314
24,256,110,408
25,1472,22,310
26,1472,68,595
27,1472,78,216
28,256,100,409
29,256,99,215
30,1472,60,406
31,1472,25,598
32,256,65,216
33,1472,78,406
34,256,70,312
35,1472,42,313
36,1472,157,310
37,1472,68,406
38,1472,27,311
39,256,56,408
40,1472,42,311
41,1472,61,405
42,1472,57,693
43,1472,79,405
44,1472,181,409
45,256,71,314
46,1472,18,409
47,256,85,311
48,1472,23,408
49,1472,62,409
50,1472,64,310
51,256,233,504
52,256,23,501
53,1472,70,405
54,256,2,311
55,1472,80,407
56,256,144,313
57,256,69,596
58,1472,62,219
59,256,17,598
0,256,11,524
1,1472,65,425
2,1472,90,619
3,1472,30,521
4,1472,57,520
5,256,81,426
6,256,90,426
7,256,43,429
8,256,73,523
9,256,79,616
10,256,341,714
11,256,15,426
12,256,82,524
13,1472,103,616
14,256,53,616
15,256,79,522
16,256,62,711
17,256,17,805
18,256,103,237
19,1472,16,523
20,256,59,712
21,256,92,520
22,1472,87,617
23,256,75,334
24,256,74,428
25,1472,55,425
26,256,84,710
27,1472,117,331
28,1472,84,429
29,1472,68,235
30,256,80,521
31,256,46,713
32,1472,55,236
33,1472,57,521
34,1472,44,332
35,1472,30,428
36,256,62,425
37,1472,70,521
38,1472,35,426
39,256,42,428
40,1472,87,426
41,256,75,520
42,256,62,808
43,1472,101,520
44,256,22,524
45,1472,81,334
46,256,17,524
47,256,80,331
48,256,52,523
49,1472,104,524
50,256,58,425
51,256,34,524
52,1472,91,521
53,256,50,520
54,256,78,331
55,256,93,522
56,256,69,333
57,1472,6,616
58,256,26,334
59,256,34,618
0,256,24,544
1,256,59,540
2,1472,13,734
3,256,79,636
4,256,24,635
5,256,14,446
6,1472,99,446
7,1472,95,449
8,256,45,543
9,1472,37,636
10,1472,230,734
11,256,86,446
12,1472,55,544
13,256,78,731
14,1472,74,636
15,1472,51,542
16,1472,28,731
17,256,67,825
18,1472,318,257
19,1472,54,638
20,256,23,732
21,1472,22,540
22,256,71,732
23,256,76,354
24,256,62,448
25,1472,18,540
26,256,8,730
27,1472,43,446
28,256,105,544
29,256,64,350
30,1472,314,541
31,1472,16,733
32,1472,10,351
33,256,21,636
34,1472,95,447
35,1472,71,543
36,1472,53,445
37,1472,30,636
38,256,234,541
39,256,12,448
40,256,69,541
41,256,89,540
42,256,81,828
43,1472,28,635
44,256,17,544
45,256,66,449
46,1472,49,544
47,256,103,351
48,256,55,543
49,1472,23,639
50,256,102,445
51,1472,78,544
52,256,17,636
53,1472,11,540
54,256,37,351
55,256,138,542
56,256,112,353
57,1472,27,731
58,256,32,354
59,1472,48,638
0,1472,6,564
1,256,79,560
2,1472,76,849
3,1472,97,656
4,256,14,655
5,1472,7,466
6,256,79,561
7,1472,37,564
8,1472,73,563
9,1472,31,751
10,1472,6,849
11,1472,94,466
12,256,22,659
13,256,82,751
14,256,18,751
15,256,50,657
16,256,94,846
17,1472,14,845
18,1472,204,372
19,256,98,753
20,1472,61,752
21,1472,2,655
22,256,96,752
23,256,92,374
24,256,105,468
25,1472,97,655
26,1472,29,750
27,256,33,561
28,1472,71,564
29,256,15,370
30,256,29,656
31,1472,66,848
32,1472,61,466
33,256,100,656
34,256,100,562
35,1472,78,658
36,256,77,560
37,256,31,751
38,256,92,561
39,256,102,468
40,1472,38,561
41,1472,94,560
42,1472,6,848
43,1472,30,750
44,256,57,564
45,1472,53,469
46,256,91,659
47,1472,28,371
48,1472,61,563
49,256,78,754
50,256,30,465
51,256,99,659
52,256,7,656
53,256,102,655
54,1472,59,371
55,1472,19,562
56,256,72,373
57,256,5,846
58,256,32,374
59,1472,129,753
0,1472,133,679
1,256,5,580
2,256,23,964
3,256,27,771
4,256,81,675
5,256,103,581
6,1472,66,581
7,1472,4,679
8,256,30,678
9,1472,105,866
10,256,59,964
11,256,78,581
12,256,51,679
13,1472,32,771
14,256,4,771
15,1472,327,677
16,256,99,866
17,1472,33,960
18,256,88,487
19,1472,37,773
20,1472,6,867
21,256,63,770
22,256,103,772
23,256,13,394
24,1472,280,488
25,1472,93,770
26,1472,15,865
27,1472,7,581
28,1472,7,679
29,256,28,390
30,1472,44,676
31,256,66,963
32,256,6,581
33,1472,79,676
34,256,93,582
35,256,46,773
36,256,103,580
37,256,44,771
38,1472,58,581
39,1472,51,488
40,1472,23,676
41,1472,99,675
42,256,347,963
43,256,14,865
44,256,100,584
45,256,102,584
46,256,45,679
47,256,69,486
48,256,116,678
49,256,84,774
50,256,347,485
51,1472,89,679
52,256,66,676
53,1472,55,675
54,256,49,486
55,1472,26,677
56,1472,16,393
57,1472,36,866
58,256,31,394
59,1472,76,868
0,1472,15,794
1,256,13,600
2,256,46,984
3,256,20,791
4,256,57,695
5,1472,288,601
6,256,86,696
7,1472,1,794
8,256,98,698
9,1472,95,981
10,1472,87,984
11,1472,48,601
12,256,98,699
13,256,10,886
14,1472,87,791
15,1472,31,792
16,256,90,886
17,256,69,1075
18,256,77,507
19,256,97,888
20,256,169,982
21,256,5,790
22,1472,80,792
23,256,33,414
24,1472,81,603
25,1472,64,885
26,256,70,980
27,256,28,696
28,256,196,794
29,256,48,410
30,1472,29,791
31,256,53,983
32,256,100,601
33,1472,41,791
34,1472,50,602
35,256,57,793
36,256,101,600
37,256,61,791
38,256,88,696
39,256,91,603
40,1472,8,791
41,256,10,790
42,256,76,983
43,1472,43,885
44,256,63,604
45,1472,23,604
46,256,84,699
47,256,81,506
48,256,83,698
49,1472,86,794
50,1472,37,505
51,1472,38,794
52,256,48,696
53,256,98,790
54,256,55,506
55,256,26,792
56,256,24,508
57,256,196,981
58,256,47,414
59,1472,34,983
0,256,44,909
1,1472,72,620
2,1472,10,1004
3,1472,95,811
4,256,24,715
5,256,32,716
6,256,51,716
7,1472,12,909
8,1472,55,718
9,256,75,1096
10,256,104,1099
11,1472,79,716
12,256,105,719
13,1472,8,906
14,1472,40,906
15,256,103,907
16,1472,81,906
17,256,77,1095
18,256,54,527
19,1472,246,908
20,1472,63,1002
21,256,69,810
22,1472,95,907
23,1472,20,434
24,256,90,718
25,256,51,1000
26,256,70,1000
27,1472,60,716
28,1472,31,814
29,256,63,430
30,256,69,906
31,256,2,1003
32,256,43,621
33,256,63,906
34,1472,75,717
35,256,80,813
36,256,93,620
37,256,3,811
38,1472,1,716
39,1472,31,623
40,256,19,906
41,1472,81,810
42,256,103,1003
43,1472,26,1000
44,256,60,624
45,1472,41,719
46,256,46,719
47,1472,68,526
48,1472,24,718
49,256,100,909
50,1472,2,620
51,1472,84,909
52,1472,291,716
53,256,3,810
54,256,11,526
55,1472,1,812
56,1472,39,528
57,256,100,1001
58,1472,32,434
59,256,40,1098
0,1472,32,929
1,256,35,735
2,1472,22,1119
3,256,76,926
4,1472,9,735
5,1472,90,736
6,1472,74,736
7,256,33,1024
8,1472,99,833
9,1472,42,1116
10,256,62,1119
11,1472,202,831
12,256,6,739
13,256,80,1021
14,256,12,1021
15,1472,11,927
16,1472,84,1021
17,256,105,1115
18,256,98,547
19,256,80,1023
20,256,79,1117
21,256,18,830
22,256,64,1022
23,256,8,549
24,256,24,738
25,1472,98,1020
26,256,29,1020
27,256,84,831
28,256,99,929
29,1472,51,450
30,256,43,926
31,256,101,1023
32,1472,11,641
33,256,33,926
34,1472,14,832
35,256,163,833
36,1472,50,640
37,1472,58,831
38,256,26,831
39,256,191,738
40,1472,95,926
41,1472,67,925
42,1472,80,1023
43,1472,32,1115
44,1472,19,644
45,1472,86,834
46,1472,61,739
47,256,40,641
48,1472,37,833
49,256,32,929
50,1472,45,735
51,1472,36,1024
52,256,34,831
53,1472,75,830
54,256,66,546
55,1472,63,927
56,1472,1,643
57,256,38,1021
58,256,36,549
59,1472,36,1118
0,256,85,1044
1,1472,67,755
2,256,67,1234
3,256,96,946
4,1472,88,850
5,256,34,851
6,1472,35,851
7,1472,55,1044
8,1472,85,948
9,1472,93,1231
10,256,55,1139
11,256,86,946
12,256,20,759
13,1472,21,1041
14,1472,42,1041
15,1472,65,1042
16,256,73,1136
17,256,18,1135
18,256,57,567
19,1472,50,1043
20,1472,84,1137
21,256,27,850
22,256,4,1042
23,1472,4,569
24,1472,47,758
25,1472,95,1135
26,256,42,1040
27,256,14,851
28,1472,28,949
29,256,49,565
30,256,12,946
31,1472,47,1043
32,256,37,756
33,256,30,946
34,1472,32,947
35,1472,14,853
36,256,84,755
37,256,41,946
38,1472,42,851
39,256,24,758
40,1472,103,1041
41,1472,19,1040
42,256,14,1138
43,256,66,1230
44,256,23,759
45,1472,103,949
46,256,81,854
47,1472,99,661
48,256,65,948
49,256,14,949
50,1472,17,850
51,1472,40,1139
52,1472,59,851
53,256,41,945
54,256,91,566
55,256,4,1042
56,256,68,758
57,1472,211,1041
58,256,144,569
59,256,68,1233
0,1472,40,1064
1,1472,59,870
2,1472,100,1254
3,256,20,966
4,1472,98,965
5,1472,102,871
6,1472,54,966
7,1472,66,1159
8,256,73,1063
9,256,62,1346
10,256,4,1159
11,1472,42,966
12,1472,44,779
13,256,72,1156
14,1472,9,1156
15,1472,56,1157
16,1472,75,1156
17,1472,43,1155
18,256,61,587
19,1472,34,1158
20,256,39,1252
21,256,8,870
22,1472,57,1062
23,256,32,684
24,1472,6,873
25,1472,44,1250
26,256,123,1060
27,256,35,871
28,256,39,1064
29,256,13,585
30,1472,1,966
31,256,59,1158
32,256,40,776
33,1472,79,966
34,256,93,1062
35,256,21,968
36,1472,103,775
37,1472,6,966
38,256,84,966
39,256,83,778
40,256,78,1156
41,256,32,1155
42,256,41,1158
43,1472,101,1250
44,1472,54,779
45,1472,79,1064
46,1472,97,874
47,1472,66,776
48,256,7,968
49,1472,63,969
50,1472,16,965
51,256,70,1254
52,1472,4,966
53,1472,63,965
54,1472,71,586
55,256,76,1062
56,256,192,778
57,256,29,1156
58,256,10,589
59,256,82,1253
0,1472,23,1179
1,256,13,985
2,1472,11,1369
3,1472,28,986
4,256,40,1080
5,1472,16,986
6,256,36,1081
7,256,60,1274
8,256,5,1083
9,1472,95,1366
10,256,1,1179
11,256,77,1081
12,1472,89,894
13,256,6,1176
14,256,72,1271
15,1472,79,1272
16,1472,9,1271
17,1472,34,1270
18,1472,48,607
19,256,86,1273
20,1472,39,1272
21,256,53,890
22,1472,65,1177
23,256,10,704
24,256,62,988
25,256,24,1365
26,1472,4,1080
27,256,28,891
28,1472,75,1084
29,256,83,605
30,256,60,1081
31,1472,234,1178
32,1472,47,796
33,256,80,1081
34,1472,94,1082
35,1472,57,988
36,256,55,890
37,1472,82,1081
38,1472,8,986
39,1472,17,798
40,256,21,1176
41,1472,16,1175
42,256,101,1178
43,256,94,1365
44,256,37,894
45,256,22,1179
46,256,36,989
47,256,43,891
48,256,93,988
49,256,3,1084
50,256,58,1080
51,256,99,1274
52,1472,91,1081
53,1472,101,1080
54,1472,83,701
55,1472,2,1082
56,1472,48,798
57,1472,23,1176
58,1472,101,609
59,256,46,1273
0,1472,62,1294
1,1472,91,1005
2,256,56,1484
3,256,78,1101
4,1472,46,1100
5,256,65,1101
6,256,79,1101
7,256,21,1294
8,256,36,1103
9,256,101,1481
10,1472,14,1199
11,1472,8,1101
12,256,6,1009
13,256,88,1196
14,256,28,1291
15,256,51,1387
16,1472,72,1386
17,256,74,1385
18,256,81,722
19,256,100,1293
20,256,16,1387
21,256,56,910
22,1472,86,1292
23,256,96,724
24,1472,1,1008
25,1472,86,1385
26,1472,21,1195
27,1472,102,911
28,1472,66,1199
29,1472,63,625
30,1472,10,1101
31,256,74,1293
32,256,99,911
33,1472,24,1101
34,1472,44,1197
35,1472,50,1103
36,256,7,910
37,256,18,1196
38,256,71,1101
39,1472,317,913
40,1472,35,1196
41,256,32,1290
42,256,94,1198
43,256,7,1385
44,256,28,914
45,1472,17,1199
46,256,91,1009
47,256,53,911
48,256,32,1008
49,1472,36,1104
50,256,290,1100
51,1472,57,1294
52,256,62,1196
53,256,57,1195
54,256,81,816
55,256,42,1197
56,1472,42,913
57,256,322,1291
58,1472,8,724
59,1472,69,1293
0,1472,100,1409
1,256,43,1120
2,1472,91,1504
3,256,30,1121
4,1472,34,1215
5,256,47,1121
6,256,35,1121
7,256,74,1314
8,1472,94,1123
9,256,49,1501
10,256,16,1314
11,256,99,1216
12,1472,66,1029
13,256,26,1216
14,1472,102,1311
15,256,67,1407
16,1472,66,1501
17,256,29,1405
18,1472,67,742
19,1472,27,1313
20,1472,73,1407
21,256,69,930
22,256,14,1407
23,1472,70,744
24,256,97,1123
25,1472,91,1500
26,1472,67,1310
27,1472,64,1026
28,1472,44,1314
29,1472,21,740
30,1472,95,1216
31,256,76,1313
32,1472,78,931
33,1472,47,1216
34,256,44,1312
35,1472,93,1218
36,1472,54,930
37,1472,11,1216
38,1472,76,1121
39,256,12,1028
40,1472,58,1311
41,1472,4,1310
42,256,93,1218
43,256,347,1405
44,256,84,934
45,1472,94,1314
46,256,28,1029
47,256,11,931
48,256,308,1028
49,256,57,1219
50,1472,62,1120
51,256,19,1409
52,256,87,1216
53,1472,76,1215
54,256,72,836
55,256,44,1217
56,1472,54,1028
57,1472,67,1311
58,256,98,839
59,256,36,1408
0,256,66,1524
1,256,60,1140
2,256,57,1619
3,256,6,1141
4,256,64,1330
5,256,59,1141
6,256,63,1141
7,1472,44,1334
8,1472,90,1238
9,256,40,1521
10,1472,88,1334
11,1472,79,1236
12,256,20,1144
13,256,56,1236
14,1472,45,1426
15,256,312,1427
16,1472,98,1616
17,256,47,1425
18,256,28,857
19,1472,16,1428
20,256,12,1522
21,256,53,950
22,256,64,1427
23,1472,78,859
24,256,76,1143
25,1472,18,1615
26,256,56,1425
27,256,77,1141
28,1472,29,1429
29,1472,102,855
30,256,88,1331
31,256,15,1333
32,1472,1,1046
33,1472,4,1331
34,256,84,1332
35,1472,40,1333
36,256,64,1045
37,1472,85,1331
38,256,88,1236
39,1472,53,1048
40,1472,72,1426
41,1472,6,1425
42,1472,311,1238
43,1472,26,1425
44,256,48,954
45,256,21,1429
46,1472,41,1049
47,256,7,951
48,1472,11,1048
49,1472,2,1239
50,1472,46,1235
51,256,18,1429
52,256,43,1236
53,1472,71,1330
54,1472,60,856
55,256,56,1237
56,1472,37,1143
57,1472,51,1426
58,1472,92,859
59,256,69,1428
0,1472,67,1544
1,1472,19,1160
2,256,18,1639
3,256,10,1161
4,256,69,1350
5,1472,83,1161
6,1472,56,1161
7,256,71,1449
8,1472,63,1353
9,1472,27,1541
10,1472,63,1449
11,256,38,1351
12,1472,228,1164
13,256,7,1256
14,256,339,1541
15,256,25,1447
16,1472,2,1731
17,1472,73,1445
18,256,41,877
19,256,166,1543
20,1472,53,1542
21,1472,89,970
22,256,30,1447
23,1472,46,974
24,256,2,1163
25,1472,35,1730
26,256,14,1445
27,256,93,1161
28,256,14,1544
29,256,79,970
30,1472,71,1351
31,256,45,1353
32,256,73,1161
33,1472,70,1446
34,256,105,1352
35,256,66,1448
36,1472,50,1065
37,256,63,1446
38,256,76,1256
39,1472,10,1163
40,256,3,1541
41,1472,25,1540
42,256,91,1353
43,1472,56,1540
44,256,7,974
45,1472,33,1449
46,1472,94,1164
47,1472,77,971
48,1472,66,1163
49,256,89,1354
50,256,10,1350
51,1472,12,1449
52,1472,18,1256
53,256,73,1445
54,1472,33,971
55,1472,72,1257
56,256,58,1258
57,1472,40,1541
58,1472,86,974
59,256,43,1448
0,1472,48,1659
1,256,101,1275
2,256,71,1659
3,1472,38,1181
4,256,48,1370
5,1472,337,1276
6,256,91,1276
7,256,247,1469
8,256,97,1468
9,256,40,1656
10,1472,41,1564
11,1472,51,1371
12,256,96,1279
13,1472,75,1276
14,1472,91,1561
15,1472,89,1467
16,256,60,1846
17,1472,13,1560
18,1472,69,897
19,1472,18,1563
20,256,89,1657
21,256,6,1085
22,256,36,1467
23,256,23,1089
24,256,76,1183
25,1472,72,1845
26,1472,93,1465
27,256,8,1181
28,256,58,1564
29,1472,105,990
30,256,90,1466
31,1472,99,1373
32,256,136,1181
33,256,38,1561
34,256,88,1372
35,256,49,1468
36,1472,9,1180
37,1472,31,1466
38,256,61,1276
39,1472,93,1278
40,256,84,1561
41,1472,15,1655
42,1472,49,1373
43,256,50,1655
44,1472,90,994
45,1472,47,1564
46,1472,10,1279
47,1472,62,1086
48,1472,65,1278
49,256,39,1374
50,1472,53,1370
51,256,32,1564
52,256,27,1371
53,256,36,1465
54,1472,6,1086
55,256,104,1372
56,1472,43,1278
57,1472,39,1656
58,256,29,1089
59,256,61,1468
0,256,63,1774
1,256,48,1295
2,256,54,1679
3,1472,35,1296
4,256,22,1390
5,256,28,1391
6,1472,30,1296
7,1472,78,1489
8,1472,9,1488
9,1472,70,1676
10,256,73,1679
11,256,47,1486
12,1472,96,1299
13,256,4,1391
14,1472,14,1676
15,256,41,1582
16,1472,7,1866
17,256,61,1675
18,1472,27,1012
19,1472,38,1678
20,1472,47,1677
21,256,91,1105
22,256,35,1487
23,1472,4,1109
24,256,35,1203
25,1472,49,1960
26,1472,42,1580
27,1472,75,1201
28,1472,67,1584
29,256,63,1105
30,1472,50,1486
31,1472,58,1488
32,256,225,1201
33,256,31,1581
34,1472,236,1392
35,1472,104,1488
36,256,10,1295
37,256,208,1581
38,256,1,1296
39,256,23,1393
40,256,9,1581
41,256,7,1770
42,256,45,1488
43,1472,314,1675
44,256,24,1109
45,1472,56,1679
46,256,1,1394
47,256,60,1201
48,256,70,1393
49,256,17,1394
50,256,5,1485
51,1472,104,1584
52,256,7,1391
53,1472,268,1485
54,256,77,1201
55,1472,41,1392
56,1472,74,1393
57,256,16,1771
58,256,24,1109
59,256,38,1488
0,256,22,1794
1,256,72,1315
2,1472,58,1699
3,1472,104,1411
4,1472,36,1410
5,1472,77,1411
6,256,229,1411
7,1472,8,1604
8,256,8,1603
9,256,89,1791
10,256,93,1699
11,1472,63,1506
12,256,75,1414
13,1472,98,1411
14,1472,145,1791
15,1472,5,1602
16,1472,47,1981
17,256,50,1695
18,256,32,1127
19,256,66,1793
20,256,74,1792
21,1472,13,1125
22,256,41,1507
23,1472,62,1224
24,1472,70,1223
25,256,95,2075
26,256,7,1695
27,1472,47,1316
28,1472,48,1699
29,1472,11,1125
30,256,105,1601
31,1472,74,1603
32,256,58,1221
33,256,13,1601
34,1472,104,1507
35,256,206,1603
36,1472,45,1315
37,256,73,1601
38,1472,105,1316
39,256,30,1413
40,256,29,1601
41,256,40,1790
42,1472,11,1508
43,256,67,1790
44,256,94,1129
45,1472,47,1794
46,256,98,1414
47,1472,2,1221
48,1472,58,1413
49,1472,105,1414
50,1472,33,1505
51,256,13,1699
52,256,47,1411
53,256,14,1600
54,1472,57,1221
55,1472,148,1507
56,1472,7,1508
57,256,91,1791
58,1472,72,1129
59,256,94,1508
0,1472,34,1814
1,1472,94,1335
2,1472,36,1814
3,256,15,1526
4,256,6,1525
5,1472,33,1526
6,256,67,1431
7,1472,22,1719
8,1472,78,1623
9,1472,48,1811
10,256,12,1719
11,256,33,1621
12,1472,81,1434
13,1472,92,1526
14,256,6,1906
15,256,10,1717
16,256,16,2096
17,256,12,1715
18,1472,61,1147
19,1472,62,1813
20,256,105,1812
21,256,46,1240
22,1472,84,1527
23,1472,243,1339
24,256,35,1338
25,1472,5,2095
26,256,64,1715
27,1472,45,1431
28,1472,66,1814
29,256,33,1240
30,1472,101,1621
31,1472,9,1718
32,1472,37,1241
33,1472,103,1621
34,256,70,1622
35,256,58,1623
36,1472,53,1430
37,1472,85,1621
38,1472,50,1431
39,256,73,1433
40,256,104,1621
41,256,27,1810
42,256,41,1623
43,1472,85,1810
44,1472,41,1149
45,1472,332,1909
46,1472,86,1434
47,256,32,1336
48,256,26,1528
49,1472,86,1529
50,256,63,1620
51,1472,61,1719
52,256,47,1431
53,1472,102,1620
54,256,33,1336
55,256,76,1622
56,1472,16,1623
57,1472,63,1811
58,1472,94,1244
59,256,32,1528
0,1472,46,1929
1,1472,77,1450
2,256,85,1929
3,1472,59,1546
4,256,81,1545
5,1472,51,1641
6,256,40,1451
7,256,51,1834
8,256,73,1738
9,1472,84,1926
10,1472,31,1739
11,256,54,1641
12,256,26,1549
13,256,69,1641
14,1472,80,1926
15,1472,11,1737
16,1472,69,2116
17,1472,6,1735
18,256,86,1262
19,1472,97,1928
20,1472,29,1832
21,256,105,1260
22,1472,4,1642
23,1472,6,1454
24,256,108,1358
25,256,16,2210
26,1472,24,1735
27,256,58,1546
28,1472,20,1929
29,1472,16,1260
30,1472,87,1736
31,256,56,1833
32,1472,61,1356
33,1472,98,1736
34,1472,97,1642
35,1472,65,1643
36,256,58,1545
37,256,51,1736
38,1472,3,1546
39,256,71,1453
40,1472,102,1641
41,256,76,1830
42,256,58,1643
43,256,3,1925
44,1472,86,1264
45,1472,71,2024
46,256,78,1549
47,1472,11,1356
48,256,198,1548
49,256,12,1644
50,1472,105,1640
51,1472,2,1834
52,256,26,1451
53,256,81,1735
54,1472,33,1356
55,256,104,1642
56,1472,97,1738
57,256,13,1926
58,1472,3,1359
59,1472,26,1548
0,1472,92,2044
1,1472,150,1565
2,1472,81,1949
3,256,88,1661
4,1472,2,1565
5,256,62,1756
6,256,105,1471
7,1472,89,1854
8,256,59,1758
9,1472,92,2041
10,1472,18,1854
11,1472,88,1661
12,256,12,1569
13,256,35,1661
14,256,43,2041
15,1472,6,1852
16,256,21,2231
17,256,28,1850
18,1472,13,1282
19,256,37,2043
20,256,20,1947
21,1472,81,1280
22,1472,33,1757
23,1472,99,1569
24,1472,72,1378
25,1472,42,2230
26,1472,83,1850
27,1472,42,1566
28,256,59,2044
29,1472,102,1375
30,256,14,1851
31,1472,16,1853
32,256,48,1471
33,256,58,1851
34,1472,16,1757
35,256,36,1758
36,256,10,1565
37,1472,6,1756
38,256,83,1661
39,256,42,1473
40,256,54,1756
41,256,17,1850
42,1472,65,1663
43,1472,88,1945
44,256,10,1379
45,1472,44,2139
46,256,77,1569
47,256,97,1471
48,256,97,1568
49,1472,12,1664
50,256,59,1755
51,256,27,1949
52,256,29,1471
53,256,18,1755
54,256,80,1471
55,256,156,1662
56,1472,92,1853
57,256,77,1946
58,1472,44,1474
59,1472,37,1663
0,1472,35,2159
1,1472,7,1680
2,256,266,2064
3,1472,89,1681
4,1472,7,1680
5,1472,79,1776
6,256,281,1491
7,256,4,1969
8,1472,76,1778
9,1472,11,2156
10,256,61,1969
11,256,17,1776
12,1472,102,1589
13,1472,4,1681
14,1472,67,2061
15,1472,55,1967
16,1472,331,2251
17,1472,60,1870
18,256,117,1397
19,256,85,2063
20,256,63,1967
21,1472,53,1395
22,256,50,1872
23,256,64,1684
24,256,63,1493
25,256,91,2345
26,256,41,1965
27,256,66,1681
28,256,24,2064
29,256,105,1490
30,256,82,1871
31,1472,81,1968
32,1472,82,1491
33,256,53,1871
34,256,64,1872
35,1472,48,1778
36,256,99,1585
37,256,98,1871
38,256,62,1681
39,256,76,1493
40,1472,6,1776
41,1472,24,1870
42,256,99,1778
43,1472,82,2060
44,256,95,1399
45,1472,6,2254
46,1472,32,1589
47,1472,74,1491
48,1472,63,1588
49,256,17,1779
50,1472,62,1775
51,1472,60,1969
52,256,82,1491
53,1472,91,1775
54,256,95,1491
55,256,51,1682
56,1472,75,1968
57,256,56,1966
58,256,25,1589
59,1472,72,1778
0,256,76,2274
1,1472,71,1795
2,256,57,2084
3,256,77,1796
4,1472,15,1795
5,256,25,1891
6,256,67,1511
7,1472,117,1989
8,256,36,1893
9,256,48,2271
10,256,35,1989
11,1472,31,1796
12,256,98,1704
13,256,7,1796
14,1472,104,2176
15,256,70,2082
16,1472,82,2366
17,1472,67,1985
18,256,28,1417
19,256,57,2083
20,1472,73,1987
21,256,70,1510
22,1472,75,1892
23,1472,89,1704
24,1472,2,1513
25,256,105,2365
26,256,19,1985
27,256,102,1701
28,1472,55,2084
29,1472,12,1510
30,1472,6,1891
31,256,85,2083
32,256,23,1606
33,256,66,1891
34,256,7,1892
35,1472,89,1893
36,1472,103,1605
37,1472,65,1891
38,1472,13,1701
39,1472,87,1513
40,256,57,1891
41,256,95,1985
42,1472,16,1798
43,256,17,2175
44,256,53,1419
45,1472,76,2369
46,1472,19,1704
47,256,83,1606
48,1472,49,1703
49,256,87,1799
50,256,84,1890
51,1472,11,2084
52,256,32,1511
53,1472,59,1890
54,1472,94,1511
55,256,15,1702
56,1472,7,2083
57,256,33,1986
58,1472,84,1609
59,256,22,1893
0,256,12,2294
1,1472,71,1910
2,256,95,2104
3,256,91,1816
4,1472,4,1910
5,256,67,1911
6,1472,17,1531
7,1472,7,2104
8,1472,78,1913
9,1472,65,2291
10,256,14,2009
11,256,83,1911
12,256,11,1724
13,256,99,1816
14,1472,2,2291
15,1472,53,2102
16,1472,32,2481
17,1472,102,2100
18,1472,67,1437
19,256,69,2103
20,1472,57,2102
21,1472,99,1530
22,256,63,2007
23,1472,194,1819
24,1472,80,1628
25,1472,79,2385
26,1472,91,2005
27,256,36,1721
28,256,50,2199
29,256,92,1625
30,256,7,2006
31,1472,38,2103
32,256,26,1626
33,256,53,1911
34,1472,45,1912
35,256,51,2008
36,1472,1,1720
37,1472,59,2006
38,256,43,1816
39,256,23,1628
40,256,82,1911
41,1472,6,2005
42,1472,100,1913
43,256,53,2195
44,1472,16,1439
45,1472,82,2484
46,256,13,1819
47,256,23,1626
48,256,46,1818
49,1472,90,1819
50,1472,21,1910
51,1472,51,2199
52,256,95,1531
53,256,77,2005
54,256,59,1626
55,1472,51,1722
56,256,66,2198
57,1472,50,2006
58,1472,84,1724
59,256,77,1913
0,1472,94,2314
1,256,35,2025
2,256,56,2124
3,1472,35,1836
4,1472,61,2025
5,1472,1,1931
6,256,33,1646
7,256,26,2219
8,256,7,2028
9,256,96,2406
10,1472,25,2029
11,256,33,1931
12,1472,56,1744
13,1472,99,1836
14,1472,81,2406
15,1472,29,2217
16,256,16,2596
17,256,91,2215
18,256,25,1552
19,1472,31,2123
20,256,98,2217
21,1472,43,1645
22,256,50,2027
23,256,67,1934
24,256,31,1743
25,256,44,2500
26,1472,51,2120
27,1472,20,1741
28,256,5,2219
29,256,97,1645
30,256,17,2026
31,256,50,2218
32,256,28,1646
33,1472,11,1931
34,1472,100,2027
35,1472,2,2028
36,256,83,1835
37,1472,42,2121
38,256,19,1836
39,1472,82,1648
40,1472,62,1931
41,256,84,2120
42,256,44,2028
43,256,95,2215
44,256,60,1554
45,256,36,2599
46,256,99,1839
47,1472,22,1646
48,1472,206,1838
49,1472,284,1934
50,256,28,2025
51,256,48,2314
52,1472,38,1551
53,1472,73,2025
54,256,79,1646
55,1472,100,1837
56,1472,89,2218
57,256,10,2121
58,1472,105,1839
59,256,12,1933
0,1472,96,2429
1,256,41,2045
2,1472,11,2144
3,256,54,1951
4,1472,53,2140
5,1472,71,2046
6,1472,31,1666
7,1472,66,2239
8,1472,14,2048
9,1472,94,2426
10,256,86,2144
11,1472,46,1951
12,1472,36,1859
13,256,58,1951
14,1472,19,2521
15,256,53,2332
16,256,76,2616
17,1472,17,2235
18,256,37,1572
19,1472,42,2238
20,256,39,2237
21,256,39,1760
22,256,41,2047
23,256,15,1954
24,1472,91,1763
25,1472,102,2520
26,256,85,2235
27,1472,95,1856
28,1472,51,2239
29,256,69,1665
30,256,12,2046
31,256,96,2238
32,256,57,1666
33,256,87,2046
34,1472,93,2142
35,1472,63,2143
36,256,47,1855
37,256,35,2236
38,256,48,1856
39,256,61,1763
40,256,20,2046
41,256,33,2140
42,1472,72,2048
43,1472,346,2235
44,256,28,1574
45,256,36,2619
46,1472,65,1859
47,1472,27,1761
48,1472,22,1953
49,1472,47,2049
50,256,62,2045
51,1472,11,2334
52,1472,73,1666
53,1472,50,2140
54,256,77,1666
55,256,48,1952
56,256,43,2333
57,256,38,2141
58,1472,53,1954
59,256,19,1953
0,1472,25,2544
1,256,44,2065
2,256,75,2259
3,256,76,1971
4,256,34,2255
5,256,266,2161
6,256,109,1781
7,1472,60,2354
8,1472,326,2163
9,256,57,2541
10,256,87,2164
11,256,1,2066
12,1472,95,1974
13,256,89,1971
14,1472,39,2636
15,256,5,2352
16,256,75,2636
17,256,38,2350
18,1472,270,1592
19,1472,68,2353
20,1472,70,2257
21,1472,65,1780
22,1472,76,2067
23,256,90,1974
24,256,97,1878
25,1472,64,2635
26,256,54,2255
27,256,100,1971
28,1472,40,2354
29,256,31,1685
30,256,4,2066
31,1472,2,2258
32,256,6,1686
33,256,57,2066
34,1472,78,2257
35,1472,227,2258
36,256,37,1875
37,1472,323,2256
38,256,202,1876
39,1472,100,1783
40,1472,33,2066
41,1472,30,2160
42,256,14,2163
43,256,75,2350
44,1472,17,1594
45,256,37,2639
46,1472,54,1974
47,1472,29,1876
48,256,7,2068
49,1472,42,2164
50,256,82,2065
51,1472,69,2449
52,1472,51,1781
53,256,18,2255
54,1472,64,1686
55,1472,73,1972
56,256,4,2353
57,256,78,2161
58,1472,102,2069
59,1472,119,1973
0,256,190,2659
1,1472,19,2085
2,1472,18,2279
3,1472,95,1991
4,1472,74,2275
5,256,12,2181
6,256,9,1801
7,1472,27,2469
8,256,168,2278
9,256,82,2561
10,1472,68,2184
11,1472,50,2086
12,1472,65,2089
13,1472,41,1991
14,1472,59,2751
15,1472,20,2372
16,1472,41,2656
17,256,53,2370
18,256,46,1707
19,256,267,2468
20,1472,83,2372
21,256,68,1895
22,1472,89,2182
23,256,206,1994
24,1472,10,1898
25,1472,40,2750
26,1472,77,2275
27,1472,80,1991
28,256,23,2469
29,256,29,1705
30,1472,87,2086
31,1472,101,2373
32,256,100,1706
33,256,9,2086
34,1472,31,2372
35,256,17,2373
36,1472,56,1895
37,256,336,2371
38,256,85,1896
39,256,10,1898
40,256,35,2181
41,1472,54,2275
42,256,51,2183
43,1472,21,2370
44,1472,31,1709
45,1472,27,2659
46,256,82,2089
47,256,70,1991
48,1472,54,2088
49,1472,100,2279
50,1472,20,2085
51,256,32,2564
52,256,93,1896
53,256,100,2275
54,1472,91,1801
55,256,62,2087
56,1472,87,2373
57,1472,24,2181
58,1472,61,2184
59,256,6,2088
0,1472,90,2679
1,1472,53,2200
2,1472,2,2394
3,256,41,2106
4,1472,97,2390
5,256,68,2201
6,1472,1,1821
7,1472,230,2584
8,1472,43,2298
9,256,32,2581
10,1472,45,2299
11,256,10,2201
12,256,21,2204
13,256,7,2106
14,256,30,2866
15,256,20,2487
16,256,57,2771
17,1472,58,2390
18,1472,60,1727
19,1472,91,2488
20,256,185,2487
21,256,71,1915
22,256,65,2297
23,1472,36,2014
24,256,66,2013
25,1472,65,2865
26,1472,23,2390
27,256,74,2106
28,1472,67,2489
29,1472,33,1725
30,256,57,2201
31,1472,49,2488
32,256,74,1726
33,1472,103,2106
34,256,16,2487
35,256,52,2393
36,1472,34,2010
37,1472,34,2391
38,256,8,1916
39,256,37,1918
40,256,100,2201
41,1472,30,2390
42,256,32,2203
43,256,41,2485
44,256,44,1824
45,256,92,2774
46,1472,78,2109
47,1472,90,2011
48,256,7,2203
49,1472,36,2394
50,1472,33,2200
51,1472,3,2584
52,256,35,1916
53,256,14,2295
54,256,3,1916
55,256,2,2107
56,1472,30,2488
57,1472,52,2296
58,256,26,2299
59,1472,17,2108
0,1472,102,2794
1,256,22,2315
2,256,79,2509
3,256,291,2126
4,256,3,2505
5,256,97,2221
6,256,15,1936
7,1472,48,2699
8,256,26,2413
9,1472,65,2601
10,1472,59,2414
11,1472,13,2221
12,256,52,2224
13,256,83,2126
14,1472,71,2886
15,1472,71,2507
16,256,133,2791
17,1472,21,2505
18,256,281,1842
19,256,69,2603
20,1472,97,2507
21,256,80,1935
22,256,103,2317
23,256,6,2129
24,1472,96,2033
25,1472,61,2980
26,1472,72,2505
27,256,12,2126
28,1472,26,2604
29,1472,44,1840
30,256,18,2221
31,256,86,2603
32,1472,20,1746
33,256,19,2221
34,1472,9,2507
35,256,59,2413
36,1472,43,2125
37,1472,37,2506
38,256,41,1936
39,256,84,1938
40,256,63,2221
41,1472,52,2505
42,256,45,2223
43,256,79,2505
44,256,55,1844
45,256,12,2794
46,1472,48,2224
47,1472,71,2126
48,1472,79,2223
49,1472,79,2509
50,1472,5,2315
51,256,129,2699
52,256,52,1936
53,1472,316,2315
54,256,73,1936
55,256,308,2127
56,1472,63,2603
57,1472,2,2411
58,256,6,2319
59,256,39,2223
0,256,68,2909
1,256,102,2335
2,256,60,2529
3,1472,79,2146
4,1472,34,2525
5,256,23,2241
6,1472,22,1956
7,1472,99,2814
8,256,90,2433
9,1472,47,2716
10,1472,40,2529
11,1472,5,2336
12,256,20,2244
13,256,56,2146
14,256,82,3001
15,1472,85,2622
16,1472,48,2811
17,1472,87,2620
18,1472,94,1862
19,256,6,2623
20,1472,79,2622
21,1472,26,1955
22,1472,85,2337
23,256,14,2149
24,1472,94,2148
25,256,99,3095
26,1472,11,2620
27,1472,102,2146
28,256,91,2719
29,1472,15,1955
30,256,29,2241
31,1472,307,2623
32,1472,62,1861
33,256,101,2241
34,1472,32,2622
35,256,11,2433
36,1472,25,2240
37,256,78,2621
38,1472,23,1956
39,1472,93,1958
40,1472,72,2241
41,1472,97,2620
42,1472,63,2243
43,256,72,2525
44,256,99,1864
45,256,78,2814
46,1472,68,2339
47,256,26,2241
48,1472,95,2338
49,1472,42,2624
50,1472,32,2430
51,256,83,2719
52,256,28,1956
53,256,23,2430
54,1472,38,1956
55,256,83,2147
56,256,96,2718
57,1472,95,2526
58,1472,87,2339
59,1472,66,2243
0,1472,77,2929
1,256,29,2355
2,256,23,2549
3,256,3,2261
4,256,85,2640
5,1472,50,2261
6,1472,71,2071
7,1472,70,2929
8,256,15,2453
9,1472,50,2831
10,1472,11,2644
11,1472,42,2451
12,1472,73,2264
13,256,105,2166
14,256,88,3021
15,256,76,2737
16,1472,39,2926
17,1472,63,2735
18,256,342,1977
19,256,8,2643
20,256,11,2737
21,256,6,2070
22,1472,35,2452
23,256,11,2169
24,256,15,2263
25,1472,85,3115
26,256,30,2735
27,256,17,2261
28,1472,104,2739
29,1472,19,2070
30,256,41,2261
31,256,67,2738
32,256,61,1976
33,1472,87,2261
34,256,65,2737
35,256,51,2453
36,256,339,2355
37,1472,94,2641
38,256,75,2071
39,256,3,2073
40,1472,50,2356
41,256,37,2735
42,1472,52,2358
43,1472,56,2545
44,256,11,1884
45,1472,49,2834
46,1472,48,2454
47,256,96,2261
48,256,39,2453
49,256,12,2739
50,256,37,2545
51,256,73,2739
52,1472,75,1976
53,1472,8,2450
54,256,8,2071
55,256,90,2167
56,256,63,2738
57,256,48,2641
58,1472,1,2454
59,256,67,2358
0,1472,52,3044
1,256,63,2375
2,1472,90,2569
3,1472,36,2281
4,1472,53,2660
5,256,92,2376
6,1472,63,2186
7,256,76,3044
8,1472,55,2473
9,1472,87,2946
10,256,105,2759
11,256,220,2566
12,1472,25,2379
13,256,195,2186
14,256,51,3041
15,1472,203,2757
16,1472,11,3041
17,1472,46,2850
18,1472,45,1997
19,1472,58,2663
20,1472,98,2757
21,1472,74,2090
22,256,101,2567
23,1472,48,2189
24,1472,78,2283
25,256,101,3230
26,1472,12,2755
27,1472,39,2281
28,256,89,2854
29,256,17,2185
30,1472,37,2281
31,256,102,2758
32,1472,59,1996
33,1472,68,2376
34,1472,102,2757
35,256,72,2473
36,1472,94,2375
37,256,3,2756
38,256,97,2091
39,256,18,2093
40,1472,83,2471
41,1472,77,2755
42,1472,189,2473
43,256,13,2660
44,1472,14,1904
45,1472,7,2949
46,1472,59,2569
47,256,56,2281
48,1472,53,2473
49,1472,68,2759
50,256,79,2565
51,1472,78,2759
52,256,58,2091
53,1472,54,2565
54,1472,43,2091
55,256,48,2187
56,1472,81,2758
57,1472,67,2661
58,1472,94,2569
59,256,89,2378
0,1472,24,3159
1,1472,97,2395
2,256,99,2684
3,256,47,2396
4,1472,3,2775
5,256,14,2396
6,1472,53,2301
7,256,75,3064
8,256,70,2588
9,256,48,3061
10,256,26,2779
11,1472,8,2586
12,1472,54,2494
13,256,65,2206
14,256,39,3061
15,256,50,2872
16,256,28,3156
17,256,98,2965
18,256,69,2112
19,256,9,2778
20,1472,55,2872
21,256,72,2205
22,256,90,2587
23,1472,45,2304
24,256,102,2398
25,1472,64,3250
26,1472,81,2870
27,256,44,2396
28,1472,35,2874
29,1472,69,2205
30,256,76,2396
31,256,9,2778
32,256,69,2111
33,256,55,2491
34,256,54,2872
35,1472,94,2493
36,256,57,2490
37,256,59,2776
38,1472,78,2111
39,256,22,2113
40,1472,31,2586
41,1472,65,2870
42,256,31,2588
43,1472,74,2680
44,256,32,2019
45,256,92,3064
46,256,1,2684
47,1472,88,2301
48,1472,1,2588
49,256,50,2874
50,256,43,2585
51,1472,105,2874
52,1472,6,2111
53,256,95,2680
54,256,35,2206
55,256,37,2207
56,1472,59,2873
57,1472,54,2776
58,256,10,2684
59,1472,74,2398
0,1472,27,3274
1,256,94,2510
2,1472,71,2704
3,1472,97,2416
4,1472,101,2890
5,256,61,2416
6,256,44,2416
7,256,103,3084
8,256,80,2608
9,1472,97,3081
10,1472,32,2799
11,256,23,2701
12,256,80,2609
13,256,35,2226
14,256,77,3081
15,256,41,2892
16,1472,136,3176
17,1472,42,2985
18,256,101,2132
19,1472,21,2798
20,1472,104,2987
21,256,32,2225
22,256,63,2607
23,256,98,2419
24,256,70,2418
25,1472,38,3365
26,1472,96,2985
27,1472,6,2416
28,1472,81,2989
29,1472,21,2320
30,256,52,2416
31,256,40,2798
32,1472,8,2131
33,256,65,2511
34,256,29,2892
35,1472,60,2608
36,256,47,2510
37,256,89,2796
38,1472,63,2226
39,1472,10,2133
40,1472,67,2701
41,256,63,2985
42,256,6,2608
43,256,63,2795
44,256,19,2039
45,1472,80,3084
46,1472,61,2704
47,256,21,2416
48,256,103,2703
49,1472,195,2894
50,1472,69,2605
51,1472,22,2989
52,256,49,2226
53,1472,58,2700
54,256,26,2226
55,256,42,2227
56,1472,2,2988
57,256,37,2891
58,1472,96,2704
59,256,61,2513
0,256,51,3389
1,256,101,2530
2,1472,54,2819
3,1472,31,2531
4,1472,38,3005
5,256,57,2436
6,1472,20,2436
7,1472,25,3104
8,1472,39,2628
9,256,2,3196
10,1472,50,2914
11,256,91,2721
12,256,59,2629
13,1472,95,2246
14,1472,35,3101
15,256,32,2912
16,256,84,3291
17,256,34,3100
18,1472,41,2152
19,256,46,2913
20,1472,51,3102
21,1472,60,2245
22,1472,9,2627
23,256,29,2439
24,1472,54,2438
25,1472,5,3480
26,256,1,3100
27,1472,100,2531
28,1472,10,3104
29,256,79,2435
30,1472,8,2436
31,1472,33,2818
32,256,59,2246
33,1472,60,2531
34,256,95,2912
35,1472,105,2723
36,256,97,2530
37,256,73,2816
38,256,73,2341
39,256,34,2248
40,256,72,2816
41,256,13,3005
42,256,78,2628
43,1472,76,2815
44,1472,18,2059
45,256,9,3199
46,1472,82,2819
47,1472,65,2436
48,256,53,2723
49,1472,332,3009
50,256,89,2720
51,256,31,3104
52,1472,49,2246
53,256,89,2815
54,256,23,2246
55,256,82,2247
56,1472,14,3103
57,256,46,2911
58,256,83,2819
59,1472,55,2533
0,256,310,3409
1,1472,28,2550
2,256,8,2934
3,256,50,2646
4,256,20,3120
5,256,41,2456
6,256,83,2551
7,1472,104,3219
8,1472,38,2743
9,256,42,3216
10,256,99,3029
11,256,79,2741
12,256,37,2649
13,256,50,2361
14,256,21,3216
15,1472,25,2932
16,256,28,3311
17,256,58,3120
18,1472,49,2267
19,1472,41,2933
20,1472,84,3217
21,1472,38,2360
22,256,47,2742
23,1472,33,2459
24,1472,45,2553
25,256,13,3595
26,256,20,3120
27,256,103,2646
28,256,25,3219
29,256,100,2455
30,1472,54,2551
31,1472,55,2933
32,256,35,2266
33,256,41,2646
34,1472,90,2932
35,1472,8,2838
36,1472,4,2550
37,1472,12,2836
38,256,65,2361
39,256,40,2268
40,1472,3,2836
41,256,85,3025
42,1472,81,2648
43,1472,87,2930
44,1472,89,2174
45,1472,98,3219
46,1472,66,2934
47,1472,1,2551
48,256,101,2743
49,1472,4,3124
50,256,2,2740
51,1472,97,3124
52,1472,54,2361
53,256,90,2835
54,256,25,2266
55,1472,229,2267
56,256,34,3218
57,256,55,2931
58,256,81,2839
59,256,29,2648
0,1472,66,3429
1,256,83,2665
2,256,57,2954
3,256,76,2666
4,256,82,3140
5,256,95,2476
6,1472,16,2571
7,1472,94,3334
8,1472,68,2858
9,256,38,3236
10,256,97,3049
11,1472,82,2761
12,256,39,2669
13,1472,17,2381
14,1472,11,3236
15,1472,270,3047
16,256,48,3331
17,1472,46,3140
18,256,55,2382
19,1472,22,3048
20,256,34,3332
21,1472,16,2475
22,256,132,2762
23,256,54,2574
24,1472,62,2668
25,256,315,3615
26,256,53,3140
27,256,91,2666
28,1472,27,3239
29,1472,24,2475
30,256,57,2666
31,256,72,3048
32,1472,5,2286
33,1472,33,2666
34,256,89,3047
35,1472,44,2953
36,1472,4,2665
37,256,70,2951
38,256,31,2381
39,256,96,2288
40,256,13,2951
41,256,89,3045
42,256,42,2763
43,1472,96,3045
44,256,49,2289
45,256,1,3334
46,1472,62,3049
47,256,202,2666
48,1472,180,2763
49,1472,26,3239
50,256,76,2760
51,256,57,3239
52,256,81,2476
53,256,26,2855
54,256,80,2286
55,256,34,2382
56,1472,101,3238
57,1472,13,2951
58,256,57,2859
59,256,7,2668
0,256,25,3544
1,256,10,2685
2,1472,41,2974
3,1472,74,2686
4,256,58,3160
5,256,88,2496
6,256,32,2686
7,1472,187,3449
8,1472,96,2973
9,256,85,3256
10,256,60,3069
11,256,28,2876
12,1472,48,2689
13,1472,9,2496
14,1472,31,3351
15,1472,74,3162
16,1472,25,3351
17,1472,253,3255
18,1472,181,2402
19,256,39,3163
20,1472,78,3352
21,1472,52,2590
22,256,62,2782
23,1472,47,2594
24,1472,78,2783
25,256,72,3635
26,256,85,3160
27,256,90,2686
28,256,47,3354
29,1472,70,2590
30,256,88,2686
31,1472,100,3068
32,256,64,2401
33,1472,49,2781
34,256,51,3067
35,256,27,3068
36,256,9,2780
37,256,97,2971
38,256,96,2401
39,1472,104,2308
40,256,98,2971
41,256,9,3065
42,256,30,2783
43,1472,62,3160
44,256,13,2309
45,256,73,3354
46,1472,90,3164
47,1472,4,2686
48,256,44,2878
49,1472,95,3354
50,1472,51,2780
51,1472,96,3259
52,1472,85,2496
53,256,23,2875
54,256,37,2306
55,256,16,2402
56,1472,34,3353
57,1472,35,3066
58,1472,101,2879
59,256,94,2688
0,256,22,3564
1,256,46,2705
2,256,37,3089
3,256,51,2801
4,1472,16,3180
5,1472,44,2516
6,1472,5,2706
7,1472,65,3564
8,256,52,3088
9,1472,23,3276
10,256,33,3089
11,1472,67,2896
12,1472,40,2804
13,256,45,2611
14,1472,260,3466
15,256,84,3277
16,256,16,3466
17,1472,11,3370
18,256,30,2517
19,1472,36,3183
20,1472,63,3467
21,256,63,2705
22,1472,52,2802
23,1472,99,2709
24,1472,41,2898
25,256,22,3655
26,1472,73,3180
27,1472,23,2706
28,256,95,3374
29,1472,56,2705
30,1472,169,2706
31,1472,59,3183
32,256,8,2421
33,256,97,2896
34,1472,65,3087
35,1472,98,3088
36,256,33,2800
37,1472,10,2991
38,256,56,2421
39,256,81,2423
40,256,21,2991
41,1472,44,3085
42,256,92,2803
43,256,38,3275
44,256,63,2329
45,1472,100,3374
46,1472,79,3279
47,1472,70,2801
48,256,46,2898
49,1472,36,3469
50,256,51,2895
51,256,91,3374
52,1472,42,2611
53,1472,11,2895
54,1472,69,2326
55,1472,276,2422
56,1472,18,3468
57,256,76,3181
58,1472,29,2994
59,256,54,2708
0,1472,67,3584
1,1472,80,2725
2,1472,5,3109
3,1472,21,2821
4,1472,52,3295
5,256,3,2631
6,1472,76,2821
7,256,4,3679
8,1472,17,3108
9,256,78,3391
10,1472,103,3109
11,1472,80,3011
12,1472,82,2919
13,1472,1,2631
14,256,75,3581
15,256,104,3297
16,256,63,3486
17,1472,6,3485
18,256,58,2537
19,256,2,3298
20,1472,99,3582
21,256,66,2725
22,256,42,2917
23,256,20,2824
24,256,41,3013
25,256,104,3675
26,1472,64,3295
27,256,38,2821
28,256,79,3394
29,1472,94,2820
30,256,69,2821
31,1472,94,3298
32,1472,76,2441
33,1472,72,2916
34,256,62,3202
35,1472,18,3203
36,1472,105,2820
37,256,1,3106
38,256,157,2441
39,1472,3,2443
40,256,63,3011
41,1472,66,3200
42,256,2,2823
43,256,17,3295
44,256,81,2349
45,256,1,3489
46,256,71,3394
47,1472,101,2916
48,256,23,2918
49,256,85,3584
50,1472,25,2915
51,256,81,3394
52,256,23,2726
53,256,84,3010
54,1472,76,2441
55,256,38,2537
56,1472,50,3583
57,1472,101,3201
58,256,2,3109
59,256,102,2728
0,1472,2,3699
1,1472,70,2840
2,1472,91,3224
3,1472,9,2936
4,256,16,3410
5,1472,73,2651
6,1472,22,2936
7,1472,49,3699
8,1472,32,3223
9,1472,307,3411
10,256,18,3224
11,256,82,3126
12,256,89,3034
13,256,45,2746
14,1472,37,3601
15,256,43,3317
16,256,42,3506
17,1472,36,3600
18,1472,98,2557
19,1472,28,3318
20,256,6,3697
21,1472,7,2745
22,256,35,2937
23,256,91,2844
24,256,54,3033
25,1472,102,3695
26,1472,2,3410
27,256,91,2841
28,1472,322,3414
29,1472,335,2935
30,1472,73,2841
31,1472,25,3413
32,256,6,2556
33,1472,73,3031
34,256,50,3222
35,256,6,3318
36,256,45,2935
37,256,55,3126
38,1472,4,2461
39,256,57,2558
40,256,77,3031
41,1472,4,3315
42,1472,67,2843
43,256,95,3315
44,1472,44,2369
45,256,94,3509
46,1472,17,3414
47,256,46,3031
48,256,40,2938
49,1472,91,3604
50,1472,49,3030
51,256,39,3414
52,256,67,2746
53,256,248,3030
54,1472,7,2556
55,256,1,2557
56,1472,101,3698
57,256,68,3316
58,1472,88,3129
59,1472,20,2748
0,256,58,3814
1,1472,56,2955
2,256,6,3339
3,1472,101,3051
4,256,97,3430
5,1472,87,2766
6,256,24,3051
7,256,38,3814
8,1472,100,3338
9,256,34,3526
10,1472,34,3244
11,1472,86,3146
12,256,299,3054
13,256,61,2766
14,1472,16,3716
15,1472,28,3337
16,1472,43,3526
17,256,5,3715
18,1472,16,2672
19,1472,16,3433
20,256,64,3717
21,256,92,2860
22,1472,32,2957
23,256,3,2864
24,256,74,3053
25,256,4,3810
26,1472,91,3525
27,1472,57,2861
28,1472,13,3529
29,256,2,3050
30,1472,98,2956
31,1472,16,3528
32,1472,65,2576
33,1472,57,3146
34,1472,57,3242
35,1472,42,3338
36,1472,43,2955
37,256,55,3146
38,256,18,2576
39,256,105,2578
40,1472,72,3051
41,256,50,3430
42,256,98,2958
43,1472,100,3335
44,1472,78,2484
45,256,98,3529
46,1472,23,3529
47,256,2,3051
48,256,38,2958
49,256,92,3719
50,1472,74,3145
51,1472,26,3434
52,256,91,2766
53,256,9,3050
54,256,87,2671
55,256,185,2577
56,256,45,3813
57,1472,58,3336
58,256,290,3244
59,256,56,2863
0,1472,34,3834
1,256,2,3070
2,1472,80,3359
3,1472,50,3166
4,1472,108,3450
5,256,70,2881
6,256,93,3071
7,1472,56,3834
8,256,56,3453
9,256,18,3546
10,256,67,3359
11,256,65,3261
12,1472,88,3074
13,1472,31,2786
14,1472,60,3831
15,256,91,3452
16,256,17,3641
17,1472,43,3735
18,256,31,2787
19,1472,82,3548
20,1472,40,3737
21,1472,38,2880
22,256,100,3072
23,256,15,2884
24,256,75,3073
25,1472,95,3830
26,256,83,3640
27,256,63,2976
28,256,64,3644
29,256,40,3070
30,256,58,3071
31,1472,16,3643
32,256,52,2691
33,256,37,3261
34,256,71,3357
35,1472,10,3453
36,1472,63,3070
37,256,96,3166
38,1472,110,2596
39,256,45,2598
40,1472,85,3166
41,256,76,3450
42,1472,93,2978
43,256,13,3450
44,1472,2,2599
45,256,21,3549
46,256,99,3644
47,1472,25,3071
48,1472,30,2978
49,1472,73,3739
50,1472,52,3260
51,256,34,3549
52,1472,36,2786
53,1472,21,3070
54,1472,61,2691
55,1472,20,2597
56,256,49,3833
57,1472,61,3451
58,1472,64,3264
59,1472,39,2883
0,1472,1,3949
1,256,30,3090
2,256,98,3474
3,256,68,3281
4,256,64,3565
5,256,7,2901
6,1472,25,3091
7,1472,27,3949
8,1472,91,3473
9,256,274,3566
10,1472,42,3379
11,1472,76,3281
12,256,25,3189
13,1472,10,2901
14,256,36,3946
15,256,83,3472
16,256,77,3661
17,1472,10,3850
18,256,19,2807
19,1472,38,3663
20,256,60,3852
21,256,37,2995
22,1472,2,3092
23,256,47,2904
24,256,286,3093
25,256,67,3945
26,256,23,3660
27,256,13,2996
28,256,8,3664
29,1472,104,3090
30,256,25,3091
31,1472,5,3758
32,1472,58,2711
33,1472,28,3281
34,1472,60,3377
35,256,70,3568
36,1472,47,3185
37,1472,81,3186
38,1472,60,2711
39,1472,127,2618
40,256,44,3281
41,256,62,3470
42,256,52,3093
43,256,72,3470
44,256,68,2714
45,1472,81,3569
46,256,43,3664
47,256,101,3186
48,1472,75,3093
49,1472,14,3854
50,1472,83,3375
51,1472,34,3569
52,1472,66,2901
53,256,79,3185
54,256,25,2806
55,256,19,2712
56,1472,11,3853
57,256,81,3566
58,256,95,3379
59,256,1,2998
0,256,29,4064
1,256,101,3110
2,1472,90,3494
3,256,39,3301
4,256,57,3585
5,1472,12,2921
6,256,89,3206
7,1472,25,4064
8,256,23,3588
9,1472,42,3586
10,256,101,3494
11,1472,55,3396
12,1472,69,3209
13,256,82,3016
14,1472,345,3966
15,256,74,3492
16,256,28,3681
17,1472,77,3965
18,1472,32,2827
19,256,76,3778
20,1472,78,3872
21,1472,99,3015
22,256,25,3207
23,1472,65,2924
24,1472,13,3113
25,256,235,3965
26,1472,88,3680
27,256,4,3016
28,1472,47,3684
29,256,68,3205
30,256,52,3111
31,256,34,3873
32,256,32,2826
33,1472,14,3396
34,1472,45,3492
35,1472,39,3588
36,256,9,3300
37,1472,18,3301
38,256,83,2826
39,1472,17,2733
40,1472,76,3301
41,1472,19,3490
42,1472,71,3113
43,1472,86,3490
44,1472,23,2734
45,1472,70,3684
46,1472,49,3684
47,1472,74,3206
48,1472,11,3208
49,256,29,3969
50,1472,44,3490
51,256,102,3684
52,256,15,3016
53,256,45,3205
54,256,41,2826
55,256,38,2732
56,256,10,3968
57,1472,71,3586
58,256,68,3399
59,1472,148,3018
0,256,63,4084
1,256,101,3130
2,256,18,3609
3,256,19,3321
4,256,68,3605
5,256,39,3036
6,1472,94,3226
7,1472,11,4179
8,256,52,3608
9,256,3,3701
10,1472,20,3514
11,1472,74,3511
12,256,88,3324
13,1472,95,3036
14,1472,81,4081
15,1472,56,3512
16,256,36,3701
17,256,58,4080
18,1472,24,2942
19,256,1,3798
20,256,7,3987
21,256,51,3130
22,1472,35,3227
23,256,47,3039
24,256,35,3228
25,1472,11,3985
26,1472,53,3795
27,256,34,3036
28,1472,104,3799
29,1472,41,3225
30,256,55,3131
31,256,65,3893
32,256,48,2846
33,256,36,3511
34,1472,57,3607
35,256,23,3703
36,1472,84,3320
37,256,105,3416
38,1472,22,2846
39,1472,68,2848
40,256,98,3416
41,1472,4,3605
42,1472,60,3228
43,256,47,3605
44,256,69,2849
45,1472,103,3799
46,1472,20,3799
47,256,20,3321
48,1472,105,3323
49,256,53,3989
50,1472,6,3605
51,1472,31,3704
52,1472,38,3036
53,256,21,3225
54,1472,49,2846
55,1472,100,2752
56,1472,37,3988
57,1472,25,3701
58,256,45,3419
59,1472,45,3133
0,256,16,4104
1,1472,40,3150
2,256,96,3629
3,256,79,3341
4,256,20,3625
5,256,55,3056
6,256,48,3341
7,1472,18,4294
8,1472,1,3628
9,256,96,3721
10,1472,78,3629
11,1472,68,3626
12,256,16,3344
13,256,47,3151
14,1472,81,4196
15,1472,21,3627
16,256,273,3721
17,256,49,4100
18,256,86,3057
19,1472,1,3818
20,256,87,4007
21,256,98,3150
22,1472,47,3342
23,1472,37,3059
24,256,22,3248
25,256,302,4100
26,256,81,3910
27,256,158,3056
28,1472,58,3914
29,1472,1,3340
30,1472,44,3151
31,1472,23,3913
32,256,2,2866
33,1472,39,3531
34,1472,43,3722
35,256,41,3723
36,256,31,3435
37,256,17,3436
38,1472,88,2961
39,1472,58,2963
40,1472,27,3436
41,1472,30,3720
42,1472,89,3343
43,1472,6,3625
44,1472,51,2869
45,1472,90,3914
46,256,23,3914
47,256,11,3341
48,256,11,3438
49,256,45,4009
50,256,6,3720
51,1472,47,3819
52,1472,65,3151
53,1472,47,3245
54,1472,63,2961
55,256,41,2867
56,1472,44,4103
57,1472,59,3816
58,256,94,3439
59,256,42,3248
0,1472,160,4124
1,256,45,3265
2,1472,51,3649
3,1472,74,3361
4,1472,33,3645
5,1472,41,3076
6,256,5,3361
7,256,94,4409
8,1472,93,3743
9,256,78,3741
10,256,85,3744
11,256,71,3741
12,1472,11,3364
13,256,32,3171
14,1472,35,4311
15,1472,101,3742
16,256,49,3741
17,1472,27,4120
18,256,9,3077
19,1472,57,3933
20,256,95,4027
21,1472,43,3170
22,256,13,3457
23,1472,50,3174
24,256,59,3268
25,1472,263,4120
26,256,36,3930
27,256,41,3076
28,1472,97,4029
29,1472,61,3455
30,1472,41,3266
31,256,55,4028
32,1472,1,2886
33,1472,63,3646
34,1472,77,3837
35,1472,14,3743
36,256,153,3455
37,1472,13,3456
38,1472,33,3076
39,256,99,3078
40,1472,36,3551
41,1472,26,3835
42,256,67,3458
43,1472,171,3740
44,256,71,2984
45,1472,96,4029
46,1472,103,3934
47,256,2,3361
48,1472,46,3458
49,256,76,4029
50,256,29,3740
51,1472,98,3934
52,1472,6,3266
53,256,95,3360
54,256,102,3076
55,1472,77,2887
56,256,11,4218
57,1472,32,3931
58,256,33,3459
59,256,26,3268
0,1472,41,4239
1,1472,59,3285
2,1472,81,3764
3,1472,46,3476
4,1472,29,3760
5,1472,33,3191
6,256,12,3381
7,1472,37,4429
8,1472,72,3858
9,256,4,3761
10,256,42,3764
11,256,33,3761
12,1472,12,3479
13,1472,95,3191
14,256,66,4426
15,256,9,3857
16,256,317,3761
17,256,104,4235
18,256,190,3097
19,256,90,4048
20,1472,21,4047
21,1472,277,3285
22,1472,10,3477
23,1472,49,3289
24,256,71,3288
25,256,96,4235
26,256,229,3950
27,1472,45,3096
28,256,69,4144
29,1472,65,3570
30,256,76,3381
31,256,185,4048
32,256,66,3001
33,256,36,3761
34,1472,55,3952
35,1472,8,3858
36,256,27,3475
37,1472,44,3571
38,256,241,3191
39,1472,53,3098
40,1472,43,3666
41,1472,174,3950
42,256,87,3478
43,1472,7,3855
44,256,63,3004
45,1472,24,4144
46,1472,77,4049
47,256,73,3381
48,256,98,3573
49,1472,38,4049
50,1472,71,3760
51,1472,57,4049
52,1472,58,3381
53,1472,53,3380
54,256,13,3096
55,256,75,3002
56,256,10,4238
57,1472,70,4046
58,256,69,3479
59,256,81,3288
0,1472,85,4354
1,1472,105,3400
2,256,44,3879
3,1472,73,3591
4,256,75,3875
5,1472,10,3306
6,256,50,3401
7,256,14,4544
8,256,42,3973
9,256,95,3781
10,1472,42,3784
11,1472,63,3781
12,256,45,3594
13,256,21,3306
14,256,75,4446
15,1472,69,3877
16,256,169,3781
17,1472,99,4255
18,256,55,3117
19,256,20,4068
20,256,67,4162
21,256,39,3400
22,1472,205,3592
23,1472,52,3404
24,1472,29,3308
25,1472,29,4255
26,256,51,3970
27,1472,59,3211
28,1472,76,4164
29,256,31,3685
30,256,15,3401
31,1472,29,4068
32,1472,12,3021
33,256,100,3781
34,1472,53,4067
35,256,12,3973
36,256,76,3495
37,256,34,3686
38,1472,79,3211
39,256,71,3213
40,256,3,3781
41,1472,3,4065
42,256,6,3498
43,256,21,3970
44,256,38,3024
45,256,6,4259
46,256,38,4164
47,1472,19,3401
48,256,48,3593
49,1472,91,4164
50,256,42,3875
51,256,41,4164
52,256,90,3496
53,1472,77,3495
54,1472,86,3116
55,1472,2,3022
56,256,292,4258
57,1472,74,4161
58,256,105,3499
59,256,75,3308
0,256,326,4469
1,1472,8,3515
2,1472,53,3899
3,1472,25,3706
4,256,50,3895
5,256,17,3421
6,1472,256,3421
7,1472,16,4564
8,256,86,3993
9,256,51,3801
10,1472,12,3899
11,1472,60,3896
12,256,57,3614
13,256,86,3326
14,1472,94,4466
15,1472,144,3992
16,1472,100,3801
17,1472,58,4370
18,1472,46,3137
19,1472,4,4088
20,1472,129,4182
21,256,41,3420
22,1472,25,3707
23,256,36,3519
24,1472,56,3423
25,256,105,4370
26,1472,47,3990
27,1472,38,3326
28,1472,70,4279
29,256,20,3705
30,256,4,3421
31,1472,20,4183
32,1472,49,3136
33,256,19,3801
34,1472,59,4182
35,256,61,3993
36,1472,52,3515
37,256,92,3706
38,256,101,3326
39,1472,83,3233
40,256,21,3801
41,1472,2,4180
42,1472,86,3518
43,256,79,3990
44,1472,52,3044
45,256,71,4279
46,1472,65,4184
47,1472,4,3516
48,1472,48,3613
49,1472,1,4279
50,1472,59,3895
51,256,11,4184
52,256,15,3516
53,1472,64,3610
54,256,79,3231
55,256,49,3137
56,256,10,4278
57,1472,13,4276
58,1472,68,3519
59,1472,9,3328
0,256,92,4489
1,1472,40,3630
2,256,86,4014
3,1472,94,3821
4,1472,105,3915
5,256,65,3441
6,256,96,3536
7,256,102,4679
8,1472,97,4013
9,1472,94,3821
10,1472,91,4014
11,1472,69,4011
12,1472,46,3634
13,256,80,3346
14,256,63,4581
15,1472,59,4107
16,1472,37,3916
17,256,75,4485
18,1472,97,3252
19,256,33,4203
20,256,1,4297
21,1472,6,3440
22,256,3,3822
23,1472,69,3539
24,1472,30,3538
25,256,29,4390
26,256,96,4105
27,1472,61,3441
28,1472,40,4394
29,1472,63,3725
30,256,13,3441
31,256,103,4298
32,1472,42,3251
33,256,79,3821
34,1472,26,4297
35,256,103,4013
36,1472,93,3630
37,256,23,3726
38,1472,11,3346
39,1472,19,3348
40,256,71,3821
41,1472,10,4295
42,1472,73,3633
43,256,50,4010
44,256,90,3159
45,256,82,4299
46,256,22,4299
47,1472,104,3631
48,1472,102,3728
49,1472,69,4394
50,1472,19,4010
51,1472,71,4204
52,256,87,3536
53,1472,18,3725
54,256,103,3251
55,256,21,3157
56,256,323,4298
57,256,70,4391
58,256,98,3634
59,1472,71,3443
0,256,40,4509
1,1472,5,3745
2,1472,71,4034
3,1472,66,3936
4,256,13,4030
5,1472,10,3461
6,256,6,3556
7,1472,47,4699
8,256,109,4128
9,256,16,3936
10,256,4,4129
11,256,16,4126
12,1472,87,3749
13,256,59,3366
14,1472,30,4601
15,1472,42,4222
16,256,7,4031
17,1472,78,4505
18,256,77,3367
19,256,29,4223
20,1472,87,4317
21,256,21,3555
22,1472,43,3842
23,1472,88,3654
24,1472,22,3653
25,256,100,4410
26,1472,43,4125
27,1472,89,3556
28,256,18,4509
29,256,97,3840
30,256,53,3461
31,256,75,4318
32,1472,98,3366
33,1472,104,3841
34,1472,25,4412
35,256,97,4033
36,256,87,3745
37,256,12,3746
38,1472,33,3461
39,1472,63,3463
40,1472,92,3841
41,1472,11,4410
42,1472,77,3748
43,256,27,4030
44,1472,31,3179
45,1472,71,4319
46,256,99,4319
47,256,2,3746
48,256,97,3843
49,1472,3,4509
50,256,102,4125
51,256,104,4319
52,256,104,3556
53,1472,70,3840
54,1472,43,3271
55,256,101,3177
56,256,159,4318
57,256,76,4411
58,1472,4,3654
59,1472,84,3558
0,256,35,4529
1,1472,48,3860
2,1472,38,4149
3,256,95,4051
4,256,98,4050
5,1472,78,3576
6,1472,37,3576
7,256,80,4814
8,1472,105,4148
9,256,67,3956
10,1472,14,4149
11,256,87,4146
12,256,38,3864
13,256,39,3386
14,1472,79,4716
15,1472,60,4337
16,256,60,4051
17,256,64,4620
18,1472,94,3387
19,256,103,4243
20,1472,32,4432
21,1472,86,3575
22,1472,90,3957
23,1472,2,3769
24,1472,37,3768
25,256,16,4430
26,256,51,4240
27,256,98,3671
28,1472,22,4529
29,256,92,3860
30,1472,75,3481
31,256,51,4338
32,1472,80,3481
33,256,94,3956
34,1472,18,4527
35,1472,2,4053
36,256,31,3765
37,256,26,3766
38,256,41,3576
39,1472,35,3578
40,1472,21,3956
41,1472,44,4525
42,1472,82,3863
43,256,64,4050
44,256,49,3294
45,256,70,4434
46,256,184,4339
47,1472,28,3766
48,1472,71,3863
49,1472,86,4624
50,1472,87,4145
51,1472,309,4339
52,256,28,3576
53,1472,99,3955
54,1472,41,3386
55,1472,64,3197
56,1472,12,4338
57,256,42,4431
58,256,44,3769
59,256,89,3673
0,256,73,4549
1,256,93,3975
2,256,80,4264
3,1472,89,4071
4,256,4,4070
5,1472,47,3691
6,256,7,3691
7,1472,26,4834
8,1472,93,4263
9,256,1,3976
10,1472,32,4264
11,256,82,4166
12,256,78,3884
13,256,62,3406
14,1472,75,4831
15,256,46,4452
16,256,68,4071
17,256,82,4640
18,256,43,3502
19,1472,89,4263
20,256,59,4547
21,1472,103,3690
22,256,67,4072
23,1472,90,3884
24,1472,46,3883
25,256,94,4450
26,1472,28,4260
27,256,19,3691
28,1472,66,4644
29,1472,69,3880
30,1472,57,3596
31,256,74,4358
32,256,63,3596
33,256,25,3976
34,1472,293,4642
35,256,82,4168
36,1472,81,3785
37,1472,11,3786
38,256,18,3596
39,1472,26,3693
40,256,285,4071
41,1472,23,4640
42,256,29,3978
43,1472,105,4070
44,1472,21,3314
45,1472,8,4454
46,256,54,4359
47,1472,12,3881
48,1472,102,3978
49,1472,45,4739
50,256,8,4260
51,1472,85,4454
52,1472,20,3596
53,1472,73,4070
54,256,89,3501
55,1472,142,3312
56,256,3,4453
57,1472,53,4451
58,1472,72,3789
59,256,73,3693
0,1472,49,4569
1,256,23,3995
2,256,16,4284
3,256,54,4186
4,1472,7,4090
5,1472,20,3806
6,1472,22,3711
7,1472,74,4949
8,256,45,4378
9,256,98,3996
10,1472,83,4379
11,1472,39,4186
12,1472,40,3904
13,256,87,3426
14,256,8,4946
15,1472,77,4472
16,256,25,4091
17,1472,87,4660
18,1472,104,3522
19,1472,8,4378
20,1472,6,4567
21,1472,9,3805
22,256,56,4092
23,1472,82,3999
24,1472,97,3998
25,1472,61,4470
26,1472,20,4375
27,1472,35,3711
28,1472,55,4759
29,1472,103,3995
30,256,44,3711
31,256,70,4378
32,256,86,3616
33,256,23,3996
34,256,4,4757
35,1472,5,4188
36,256,90,3900
37,256,104,3901
38,256,41,3616
39,1472,238,3808
40,1472,326,4091
41,256,45,4755
42,256,62,3998
43,1472,58,4185
44,1472,6,3429
45,1472,15,4569
46,1472,48,4379
47,1472,4,3996
48,256,17,4093
49,256,54,4854
50,256,55,4280
51,256,91,4569
52,1472,32,3711
53,1472,73,4185
54,256,72,3521
55,1472,54,3427
56,256,54,4473
57,256,26,4566
58,256,10,3904
59,256,33,3713
0,1472,19,4684
1,1472,60,4015
2,256,35,4304
3,256,101,4206
4,1472,93,4205
5,256,19,3921
6,256,12,3826
7,256,81,5064
8,1472,103,4398
9,256,69,4016
10,1472,58,4494
11,1472,174,4301
12,1472,46,4019
13,1472,104,3446
14,1472,41,4966
15,256,33,4587
16,1472,68,4111
17,256,21,4775
18,256,31,3637
19,1472,3,4493
20,1472,36,4682
21,1472,21,3920
22,256,12,4112
23,256,38,4114
24,256,41,4113
25,1472,70,4585
26,1472,18,4490
27,1472,52,3826
28,1472,47,4874
29,1472,87,4110
30,256,44,3731
31,1472,302,4398
32,1472,11,3636
33,1472,96,4016
34,1472,148,4777
35,256,56,4303
36,256,72,3920
37,256,67,3921
38,256,64,3636
39,1472,9,3923
40,256,52,4206
41,256,30,4775
42,1472,88,4018
43,256,31,4300
44,256,62,3544
45,1472,75,4684
46,256,21,4494
47,1472,29,4111
48,256,21,4113
49,256,14,4874
50,256,91,4300
51,256,104,4589
52,256,99,3826
53,1472,44,4300
54,256,83,3541
55,256,9,3542
56,256,14,4493
57,1472,18,4586
58,256,61,3924
59,256,30,3733
0,256,47,4799
1,1472,9,4130
2,256,31,4324
3,256,24,4226
4,1472,30,4320
5,1472,24,3941
6,1472,84,3846
7,256,69,5084
8,1472,85,4513
9,1472,38,4036
10,1472,98,4609
11,1472,89,4416
12,256,92,4134
13,1472,28,3561
14,1472,94,5081
15,256,76,4607
16,256,2,4226
17,256,3,4795
18,1472,8,3657
19,256,36,4608
20,256,58,4797
21,256,87,4035
22,1472,34,4132
23,1472,41,4134
24,256,35,4133
25,256,101,4700
26,256,1,4605
27,1472,37,3941
28,1472,209,4989
29,256,12,4225
30,1472,84,3751
31,256,89,4513
32,1472,55,3751
33,256,103,4131
34,256,16,4892
35,1472,314,4323
36,1472,100,3940
37,256,69,3941
38,256,102,3656
39,1472,14,4038
40,1472,95,4226
41,256,35,4795
42,1472,101,4133
43,256,66,4320
44,256,12,3564
45,256,105,4799
46,256,13,4514
47,1472,67,4226
48,1472,329,4133
49,256,71,4894
50,256,71,4320
51,256,17,4609
52,1472,14,3846
53,256,5,4415
54,1472,46,3561
55,256,56,3562
56,256,60,4513
57,256,103,4701
58,1472,64,3944
59,256,75,3753
0,256,37,4819
1,256,90,4245
2,1472,52,4344
3,1472,78,4246
4,256,59,4435
5,256,76,4056
6,256,48,3961
7,1472,82,5104
8,1472,69,4628
9,256,78,4151
10,1472,57,4724
11,1472,22,4531
12,1472,103,4154
13,1472,89,3676
14,256,18,5196
15,256,90,4627
16,256,49,4246
17,1472,60,4815
18,256,28,3772
19,1472,67,4628
20,1472,60,4817
21,1472,107,4055
22,256,99,4247
23,1472,103,4249
24,1472,39,4153
25,256,41,4720
26,256,32,4625
27,256,40,4056
28,256,15,5104
29,256,88,4245
30,1472,79,3866
31,256,104,4533
32,1472,12,3866
33,1472,94,4151
34,1472,39,4912
35,256,64,4438
36,256,22,4055
37,256,72,3961
38,256,26,3676
39,1472,33,4153
40,256,29,4341
41,256,43,4815
42,1472,26,4248
43,256,19,4340
44,256,103,3584
45,256,13,4819
46,1472,33,4534
47,1472,27,4341
48,1472,164,4248
49,256,49,4914
50,256,96,4340
51,256,4,4629
52,256,60,3961
53,1472,83,4435
54,1472,42,3676
55,256,9,3582
56,256,66,4533
57,1472,83,4721
58,1472,67,4059
59,256,24,3773
0,1472,127,4839
1,256,3,4265
2,1472,2,4459
3,256,43,4361
4,1472,9,4455
5,256,91,4076
6,256,15,3981
7,1472,71,5219
8,1472,75,4743
9,256,101,4171
10,256,19,4839
11,256,29,4646
12,256,6,4269
13,256,11,3791
14,256,57,5216
15,1472,73,4647
16,1472,77,4266
17,256,20,4930
18,1472,61,3792
19,256,34,4743
20,256,99,4932
21,1472,68,4170
22,256,86,4267
23,256,88,4364
24,256,95,4268
25,256,73,4740
26,256,9,4645
27,256,42,4076
28,1472,78,5124
29,1472,30,4265
30,1472,73,3981
31,256,89,4553
32,1472,36,3981
33,1472,63,4266
34,256,39,5027
35,256,103,4458
36,1472,40,4075
37,256,6,3981
38,1472,66,3696
39,256,276,4268
40,1472,37,4361
41,1472,67,4835
42,256,9,4363
43,1472,105,4360
44,256,105,3604
45,1472,17,4839
46,1472,6,4649
47,1472,323,4456
48,256,75,4363
49,256,38,4934
50,1472,67,4360
51,1472,231,4649
52,256,30,3981
53,1472,42,4550
54,256,32,3791
55,1472,64,3602
56,256,73,4553
57,1472,105,4836
58,1472,52,4174
59,256,68,3793
0,1472,101,4954
1,256,7,4285
2,1472,50,4574
3,1472,55,4381
4,256,44,4570
5,1472,35,4096
6,256,92,4001
7,256,223,5334
8,256,71,4858
9,1472,59,4191
10,1472,5,4859
11,256,55,4666
12,256,3,4289
13,256,83,3811
14,1472,45,5236
15,256,90,4762
16,256,47,4381
17,1472,217,4950
18,256,101,3907
19,1472,73,4763
20,256,27,4952
21,256,72,4285
22,256,75,4287
23,1472,37,4384
24,1472,75,4288
25,256,171,4760
26,1472,91,4665
27,256,28,4096
28,256,88,5239
29,1472,40,4380
30,1472,62,4096
31,1472,42,4573
32,256,95,4096
33,256,5,4381
34,256,14,5047
35,256,18,4478
36,256,48,4190
37,1472,75,4001
38,1472,251,3811
39,1472,98,4288
40,256,37,4476
41,256,101,4950
42,1472,56,4383
43,1472,71,4475
44,1472,51,3624
45,256,64,4954
46,1472,21,4764
47,1472,17,4571
48,1472,76,4383
49,256,48,4954
50,1472,27,4475
51,1472,11,4764
52,256,1,4001
53,256,95,4665
54,1472,243,3811
55,1472,27,3717
56,1472,20,4573
57,1472,68,4951
58,1472,98,4289
59,256,67,3813
0,256,86,5069
1,1472,87,4305
2,1472,38,4689
3,1472,8,4496
4,256,105,4590
5,1472,22,4211
6,256,53,4021
7,1472,36,5354
8,256,34,4878
9,256,56,4306
10,256,82,4974
11,256,45,4686
12,1472,14,4309
13,256,87,3831
14,1472,304,5351
15,1472,9,4782
16,1472,101,4401
17,1472,14,5065
18,256,79,3927
19,1472,332,4878
20,1472,54,4972
21,256,53,4305
22,1472,74,4307
23,256,93,4499
24,256,43,4403
25,256,100,4780
26,256,49,4780
27,256,73,4116
28,1472,73,5259
29,1472,8,4495
30,1472,24,4211
31,256,7,4688
32,256,58,4116
33,1472,67,4401
34,1472,88,5067
35,1472,52,4498
36,1472,345,4210
37,256,15,4116
38,1472,28,3926
39,1472,13,4403
40,1472,47,4496
41,256,48,4970
42,1472,68,4498
43,1472,79,4590
44,256,30,3739
45,1472,61,4974
46,256,43,4879
47,1472,93,4686
48,1472,102,4498
49,256,87,4974
50,1472,74,4590
51,256,71,4879
52,256,74,4021
53,256,79,4685
54,1472,56,3926
55,1472,34,3832
56,256,2,4688
57,1472,83,5066
58,256,96,4404
59,256,56,3833
0,256,7,5089
1,256,33,4420
2,256,10,4804
3,256,9,4611
4,256,85,4610
5,1472,18,4326
6,256,53,4041
7,256,89,5469
8,1472,8,4898
9,256,66,4326
10,1472,73,4994
11,1472,49,4706
12,1472,35,4424
13,256,28,3851
14,1472,3,5466
15,256,38,4897
16,1472,86,4516
17,256,9,5180
18,1472,57,3947
19,256,90,4993
20,1472,104,5087
21,256,47,4325
22,256,53,4422
23,1472,77,4519
24,256,19,4423
25,1472,9,4800
26,256,39,4800
27,1472,47,4136
28,1472,67,5374
29,256,16,4610
30,1472,74,4326
31,1472,138,4708
32,1472,24,4136
33,256,70,4516
34,256,311,5182
35,256,17,4613
36,1472,71,4325
37,256,13,4136
38,1472,80,4041
39,256,25,4518
40,1472,32,4611
41,1472,69,4990
42,256,97,4613
43,1472,82,4705
44,1472,84,3759
45,256,98,5089
46,1472,84,4899
47,1472,96,4801
48,256,53,4613
49,256,57,4994
50,1472,98,4705
51,256,24,4899
52,1472,145,4041
53,1472,88,4705
54,256,92,4041
55,1472,68,3947
56,256,79,4708
57,256,54,5181
58,256,26,4424
59,256,30,3853
0,256,56,5109
1,1472,5,4440
2,1472,49,4824
3,1472,104,4631
4,256,39,4630
5,256,45,4441
6,1472,6,4061
7,256,30,5489
8,256,6,5013
9,1472,45,4346
10,256,49,5109
11,1472,58,4821
12,1472,90,4539
13,256,46,3871
14,256,21,5581
15,256,47,4917
16,1472,91,4631
17,1472,13,5200
18,256,82,4062
19,256,26,5013
20,1472,14,5202
21,256,38,4345
22,256,2,4442
23,1472,21,4634
24,1472,14,4443
25,1472,97,4915
26,256,68,4820
27,1472,11,4251
28,256,19,5489
29,256,51,4630
30,1472,52,4441
31,1472,41,4823
32,256,100,4251
33,256,89,4536
34,256,20,5202
35,256,34,4633
36,1472,77,4440
37,256,2,4156
38,1472,74,4156
39,256,62,4538
40,1472,44,4726
41,1472,18,5105
42,256,104,4633
43,1472,75,4820
44,256,135,3874
45,256,56,5109
46,256,45,5014
47,1472,7,4916
48,1472,82,4633
49,1472,57,5014
50,1472,30,4820
51,256,17,4919
52,1472,80,4156
53,256,59,4820
54,256,30,4061
55,1472,64,4062
56,1472,103,4728
57,256,257,5201
58,1472,39,4444
59,256,47,3873
0,1472,38,5129
1,256,49,4555
2,1472,103,4939
3,1472,94,4746
4,256,72,4650
5,1472,31,4461
6,1472,65,4176
7,256,49,5509
8,256,23,5033
9,256,12,4461
10,1472,92,5129
11,256,103,4936
12,1472,16,4654
13,256,32,3891
14,256,47,5601
15,256,16,4937
16,1472,75,4746
17,256,165,5315
18,1472,62,4082
19,1472,45,5033
20,1472,95,5317
21,1472,7,4365
22,256,71,4462
23,1472,62,4749
24,256,87,4558
25,1472,90,5030
26,256,26,4840
27,256,58,4366
28,256,97,5509
29,256,16,4650
30,256,86,4556
31,1472,294,4938
32,1472,176,4271
33,1472,97,4556
34,1472,47,5222
35,1472,54,4653
36,1472,33,4555
37,1472,18,4176
38,256,114,4271
39,1472,26,4558
40,256,65,4841
41,1472,44,5220
42,256,26,4653
43,1472,95,4935
44,1472,20,3894
45,1472,41,5129
46,256,36,5034
47,1472,84,5031
48,1472,10,4748
49,1472,67,5129
50,1472,304,4935
51,1472,41,4939
52,256,83,4271
53,256,89,4840
54,1472,87,4081
55,1472,52,4177
56,256,295,4843
57,1472,36,5221
58,256,22,4559
59,1472,3,3893
0,1472,85,5244
1,1472,11,4575
2,1472,68,5054
3,256,253,4861
4,1472,72,4670
5,1472,76,4576
6,256,71,4291
7,256,95,5529
8,256,65,5053
9,256,87,4481
10,1472,19,5244
11,256,28,4956
12,256,50,4769
13,256,79,3911
14,256,16,5621
15,1472,91,4957
16,256,25,4861
17,256,95,5335
18,1472,279,4197
19,1472,22,5148
20,1472,27,5432
21,1472,22,4480
22,256,18,4482
23,256,27,4864
24,256,18,4578
25,1472,97,5145
26,256,98,4860
27,256,96,4386
28,256,80,5529
29,256,275,4670
30,256,80,4576
31,1472,101,5053
32,1472,93,4386
33,256,105,4671
34,1472,20,5337
35,1472,29,4768
36,1472,95,4670
37,1472,25,4291
38,256,10,4291
39,1472,158,4673
40,1472,84,4861
41,1472,49,5335
42,1472,16,4673
43,1472,1,5050
44,256,77,4009
45,1472,18,5244
46,1472,10,5054
47,256,48,5146
48,1472,73,4863
49,1472,46,5244
50,256,2,5050
51,1472,94,5054
52,256,2,4291
53,1472,45,4860
54,1472,178,4196
55,1472,25,4292
56,1472,62,4863
57,1472,213,5336
58,1472,40,4579
59,1472,17,4008
0,256,97,5359
1,1472,78,4690
2,1472,71,5169
3,256,61,4881
4,1472,325,4785
5,256,10,4691
6,256,81,4311
7,256,48,5549
8,256,27,5073
9,1472,47,4501
10,256,14,5359
11,256,291,4976
12,256,59,4789
13,1472,67,3931
14,256,43,5641
15,256,14,5072
16,1472,87,4881
17,256,33,5355
18,1472,82,4312
19,1472,63,5263
20,1472,97,5547
21,1472,74,4595
22,1472,50,4502
23,256,324,4884
24,256,90,4598
25,1472,75,5260
26,1472,71,4880
27,256,11,4406
28,1472,70,5549
29,1472,57,4690
30,1472,4,4596
31,1472,85,5168
32,1472,105,4501
33,256,105,4691
34,1472,45,5452
35,256,64,4883
36,1472,16,4785
37,1472,55,4406
38,256,104,4311
39,1472,4,4788
40,256,91,4976
41,256,49,5450
42,1472,24,4788
43,256,72,5165
44,256,29,4029
45,1472,6,5359
46,1472,100,5169
47,256,90,5166
48,256,8,4978
49,1472,65,5359
50,256,39,5070
51,1472,21,5169
52,1472,48,4311
53,1472,23,4975
54,256,92,4311
55,256,1,4407
56,1472,69,4978
57,1472,53,5451
58,256,29,4694
59,256,41,4123
0,1472,47,5379
1,256,73,4805
2,1472,56,5284
3,1472,101,4901
4,256,14,4900
5,1472,36,4711
6,1472,10,4331
7,256,26,5569
8,1472,95,5093
9,256,12,4616
10,1472,156,5379
11,256,57,4996
12,256,67,4809
13,256,259,4046
14,1472,46,5661
15,256,54,5092
16,1472,47,4996
17,256,29,5375
18,256,23,4427
19,1472,39,5378
20,1472,55,5662
21,256,104,4710
22,1472,35,4617
23,1472,95,4904
24,1472,39,4618
25,256,43,5375
26,256,67,4995
27,1472,8,4426
28,256,103,5664
29,1472,81,4805
30,256,88,4711
31,256,29,5283
32,1472,27,4616
33,256,28,4711
34,1472,25,5567
35,1472,89,4903
36,1472,39,4900
37,1472,103,4521
38,256,15,4331
39,256,80,4903
40,1472,74,4996
41,256,96,5470
42,1472,7,4903
43,256,100,5185
44,1472,81,4049
45,256,9,5474
46,1472,67,5284
47,1472,73,5186
48,256,31,4998
49,256,24,5474
50,1472,105,5090
51,256,39,5284
52,256,55,4426
53,256,31,5090
54,1472,79,4331
55,256,53,4427
56,1472,52,5093
57,1472,73,5566
58,256,5,4714
59,1472,53,4143
0,1472,57,5494
1,256,96,4825
2,1472,54,5399
3,1472,99,5016
4,1472,102,4920
5,1472,47,4826
6,1472,52,4446
7,256,12,5589
8,1472,1,5208
9,256,63,4636
10,1472,7,5494
11,1472,61,5016
12,1472,41,4829
13,256,8,4066
14,1472,93,5776
15,256,86,5112
16,1472,45,5111
17,256,69,5395
18,1472,74,4447
19,256,32,5493
20,1472,80,5777
21,256,28,4730
22,1472,83,4732
23,1472,37,5019
24,256,101,4733
25,256,97,5395
26,256,97,5015
27,1472,84,4541
28,256,95,5684
29,256,34,4920
30,256,11,4731
31,1472,30,5303
32,1472,30,4731
33,1472,83,4731
34,256,37,5682
35,1472,87,5018
36,256,61,5015
37,256,25,4636
38,256,205,4351
39,1472,39,4923
40,1472,69,5111
41,1472,70,5490
42,256,73,5018
43,1472,72,5205
44,1472,54,4164
45,256,57,5494
46,1472,32,5399
47,256,73,5301
48,1472,73,5018
49,1472,87,5494
50,256,18,5205
51,256,20,5304
52,1472,46,4446
53,256,19,5110
54,256,52,4446
55,1472,12,4447
56,1472,88,5208
57,256,80,5681
58,1472,56,4734
59,256,61,4258
0,256,22,5609
1,1472,5,4845
2,256,48,5514
3,256,15,5131
4,1472,93,5035
5,256,34,4941
6,1472,91,4561
7,1472,79,5609
8,1472,90,5323
9,1472,61,4656
10,256,53,5609
11,256,232,5131
12,1472,27,4944
13,256,2,4086
14,1472,18,5891
15,256,38,5132
16,1472,23,5226
17,1472,21,5415
18,256,82,4562
19,256,203,5513
20,256,18,5892
21,1472,94,4750
22,1472,16,4847
23,1472,33,5134
24,256,44,4753
25,256,104,5415
26,1472,46,5035
27,1472,19,4656
28,1472,64,5704
29,1472,84,4940
30,1472,72,4751
31,256,69,5418
32,1472,41,4846
33,1472,22,4846
34,1472,122,5702
35,256,70,5133
36,256,2,5035
37,1472,32,4656
38,1472,31,4371
39,1472,27,5038
40,1472,102,5226
41,256,52,5605
42,256,93,5038
43,1472,24,5320
44,1472,1,4279
45,256,97,5514
46,1472,58,5514
47,256,49,5321
48,1472,79,5133
49,256,21,5609
50,256,96,5225
51,1472,18,5324
52,256,21,4561
53,256,49,5130
54,256,6,4466
55,256,84,4562
56,1472,105,5323
57,1472,76,5701
58,256,1,4849
59,256,7,4278
0,1472,80,5629
1,256,24,4960
2,1472,39,5534
3,1472,89,5151
4,256,195,5150
5,256,86,4961
6,256,52,4676
7,1472,98,5724
8,256,21,5438
9,1472,56,4771
10,256,103,5629
11,1472,63,5151
12,1472,60,5059
13,1472,4,4106
14,1472,105,6006
15,1472,105,5152
16,1472,54,5341
17,1472,53,5530
18,1472,7,4582
19,256,69,5533
20,1472,46,5912
21,1472,41,4865
22,256,86,4962
23,1472,42,5249
24,256,72,4773
25,1472,101,5435
26,256,75,5150
27,1472,43,4771
28,1472,93,5819
29,256,29,5055
30,256,14,4866
31,256,98,5438
32,256,49,4961
33,256,89,4961
34,256,93,5817
35,1472,89,5153
36,256,68,5055
37,256,48,4771
38,256,12,4486
39,1472,29,5153
40,1472,26,5341
41,256,16,5625
42,256,98,5058
43,1472,24,5435
44,1472,91,4394
45,1472,85,5534
46,1472,47,5629
47,1472,98,5341
48,1472,69,5248
49,1472,97,5629
50,256,69,5245
51,256,14,5439
52,256,73,4581
53,256,64,5150
54,1472,38,4486
55,256,52,4582
56,1472,26,5438
57,1472,59,5816
58,256,92,4869
59,256,48,4298
0,1472,40,5744
1,1472,90,4980
2,256,84,5649
3,256,97,5266
4,1472,12,5170
5,256,52,4981
6,1472,179,4696
7,1472,33,5839
8,256,59,5458
9,1472,29,4886
10,1472,27,5649
11,256,40,5266
12,1472,43,5174
13,1472,34,4221
14,256,37,6121
15,256,41,5267
16,1472,2,5456
17,1472,94,5645
18,1472,56,4697
19,1472,61,5553
20,256,92,6027
21,1472,82,4980
22,256,32,4982
23,256,208,5364
24,256,19,4793
25,1472,59,5550
26,256,13,5170
27,256,44,4886
28,256,66,5934
29,1472,216,5075
30,256,10,4886
31,256,59,5458
32,256,72,4981
33,256,16,4981
34,1472,57,5837
35,256,82,5268
36,256,5,5075
37,256,16,4791
38,256,95,4506
39,256,103,5268
40,1472,82,5456
41,256,50,5645
42,256,101,5078
43,256,40,5550
44,1472,33,4509
45,256,101,5649
46,1472,60,5744
47,1472,15,5456
48,1472,98,5363
49,1472,55,5744
50,1472,45,5265
51,1472,83,5459
52,1472,59,4601
53,1472,100,5170
54,1472,93,4601
55,256,19,4602
56,256,66,5553
57,256,1,5931
58,256,31,4889
59,256,48,4318
0,1472,79,5859
1,1472,85,5095
2,256,46,5669
3,256,61,5286
4,1472,47,5285
5,1472,89,5001
6,1472,78,4811
7,256,89,5954
8,256,63,5478
9,256,84,5001
10,1472,37,5764
11,1472,39,5286
12,256,66,5289
13,1472,51,4336
14,256,86,6141
15,256,273,5287
16,256,1,5571
17,1472,91,5760
18,256,40,4812
19,256,66,5668
20,256,28,6047
21,1472,86,5095
22,256,80,5002
23,1472,78,5384
24,256,30,4813
25,256,63,5665
26,1472,72,5190
27,256,51,4906
28,1472,105,5954
29,256,87,5190
30,1472,34,4906
31,256,1,5478
32,256,35,5001
33,256,33,5001
34,256,3,5952
35,1472,47,5288
36,256,33,5095
37,1472,5,4811
38,256,52,4526
39,1472,46,5288
40,256,84,5571
41,256,81,5665
42,256,1,5098
43,1472,110,5570
44,1472,50,4624
45,256,92,5669
46,1472,83,5859
47,256,70,5571
48,256,44,5478
49,1472,88,5859
50,1472,45,5380
51,256,89,5574
52,1472,55,4716
53,256,55,5285
54,1472,200,4716
55,256,159,4622
56,256,83,5573
57,256,340,5951
58,1472,89,4909
59,256,88,4338
0,1472,3,5974
1,256,36,5210
2,256,6,5689
3,256,93,5306
4,256,16,5400
5,1472,83,5116
6,1472,93,4926
7,1472,68,5974
8,256,75,5498
9,256,43,5021
10,1472,20,5879
11,1472,83,5401
12,1472,64,5309
13,256,234,4451
14,256,72,6161
15,1472,91,5307
16,256,59,5591
17,256,18,5875
18,1472,88,4832
19,1472,50,5688
20,256,69,6067
21,256,24,5210
22,256,90,5022
23,256,69,5499
24,256,224,4833
25,1472,21,5685
26,256,62,5305
27,1472,20,4926
28,1472,91,6069
29,256,20,5210
30,1472,9,5021
31,1472,49,5498
32,256,68,5021
33,256,93,5021
34,1472,53,5972
35,256,79,5403
36,1472,187,5115
37,1472,40,4926
38,256,88,4546
39,256,11,5403
40,1472,29,5591
41,256,18,5685
42,256,99,5118
43,256,103,5685
44,256,91,4739
45,256,55,5689
46,1472,52,5974
47,256,15,5591
48,1472,52,5498
49,1472,12,5974
50,1472,11,5495
51,1472,70,5594
52,256,5,4831
53,256,44,5305
54,256,29,4831
55,1472,104,4642
56,1472,81,5593
57,256,97,5971
58,1472,32,5024
59,256,88,4358
0,1472,6,6089
1,256,72,5230
2,1472,9,5709
3,256,26,5326
4,256,66,5420
5,256,12,5231
6,256,28,5041
7,1472,60,6089
8,1472,66,5518
9,1472,97,5041
10,256,71,5994
11,256,101,5516
12,1472,288,5424
13,256,98,4471
14,1472,37,6181
15,1472,18,5422
16,256,71,5611
17,256,54,5895
18,256,103,4947
19,1472,89,5803
20,256,42,6087
21,256,72,5230
22,256,90,5042
23,256,25,5519
24,1472,2,4853
25,1472,23,5800
26,256,39,5325
27,1472,166,5041
28,1472,46,6184
29,1472,86,5230
30,1472,18,5136
31,1472,29,5613
32,1472,45,5041
33,1472,66,5041
34,256,27,6087
35,1472,65,5423
36,1472,42,5230
37,256,25,5041
38,256,50,4566
39,256,81,5423
40,256,41,5706
41,256,7,5705
42,256,3,5138
43,256,21,5705
44,256,89,4759
45,256,101,5709
46,256,95,6089
47,1472,85,5611
48,256,16,5613
49,256,43,6089
50,256,14,5610
51,256,30,5709
52,256,78,4851
53,1472,83,5325
54,1472,39,4851
55,1472,6,4757
56,1472,55,5708
57,1472,99,5991
58,1472,134,5139
59,1472,18,4378
0,1472,29,6204
1,256,95,5250
2,1472,95,5824
3,1472,79,5346
4,256,48,5440
5,1472,55,5251
6,1472,90,5061
7,256,96,6204
8,256,49,5633
9,256,31,5156
10,1472,30,6014
11,256,74,5536
12,1472,71,5539
13,1472,27,4491
14,1472,341,6296
15,1472,47,5537
16,256,63,5631
17,256,91,5915
18,1472,54,4967
19,1472,47,5918
20,1472,81,6107
21,256,101,5250
22,1472,19,5062
23,256,78,5539
24,256,77,4968
25,1472,23,5915
26,256,35,5345
27,256,51,5156
28,256,35,6299
29,1472,3,5345
30,1472,72,5251
31,1472,122,5728
32,1472,11,5156
33,1472,223,5156
34,1472,93,6107
35,1472,4,5538
36,256,83,5345
37,256,53,5061
38,1472,55,4586
39,1472,71,5443
40,1472,243,5726
41,1472,95,5725
42,256,82,5158
43,1472,80,5725
44,1472,99,4779
45,256,75,5729
46,256,79,6109
47,1472,94,5726
48,1472,13,5633
49,1472,70,6109
50,1472,102,5630
51,1472,17,5729
52,256,35,4871
53,1472,56,5440
54,256,94,4966
55,1472,68,4872
56,256,19,5823
57,256,18,6106
58,256,37,5254
59,256,73,4493
0,256,98,6319
1,256,94,5270
2,256,57,5939
3,256,29,5461
4,1472,47,5460
5,1472,7,5366
6,1472,37,5176
7,256,88,6224
8,1472,72,5653
9,1472,85,5176
10,256,39,6129
11,256,97,5556
12,1472,14,5654
13,256,37,4606
14,1472,75,6411
15,256,104,5652
16,1472,207,5651
17,256,105,5935
18,256,21,5082
19,256,80,6033
20,1472,104,6222
21,256,86,5270
22,1472,29,5177
23,1472,18,5559
24,256,4,4988
25,1472,84,6030
26,256,46,5365
27,256,29,5176
28,256,88,6319
29,256,20,5460
30,1472,94,5366
31,256,100,5843
32,256,12,5271
33,1472,33,5271
34,1472,75,6222
35,256,17,5653
36,256,8,5365
37,256,102,5081
38,1472,59,4701
39,256,68,5558
40,256,93,5841
41,256,63,5840
42,256,88,5178
43,256,39,5840
44,256,48,4894
45,1472,79,5749
46,1472,24,6129
47,256,103,5841
48,256,149,5748
49,1472,78,6224
50,256,103,5745
51,256,76,5844
52,256,100,4891
53,1472,92,5555
54,1472,100,4986
55,1472,62,4987
56,1472,17,5843
57,1472,47,6126
58,1472,35,5274
59,1472,57,4513
0,1472,20,6339
1,1472,72,5290
2,1472,26,5959
3,256,11,5481
4,1472,37,5575
5,256,104,5481
6,1472,7,5291
7,1472,61,6244
8,1472,47,5768
9,1472,2,5291
10,256,38,6149
11,1472,75,5576
12,256,37,5769
13,256,20,4626
14,1472,24,6526
15,1472,318,5672
16,256,50,5766
17,256,20,5955
18,256,85,5102
19,1472,105,6053
20,256,7,6337
21,256,11,5290
22,256,50,5292
23,1472,16,5674
24,1472,60,5008
25,256,24,6145
26,1472,44,5385
27,1472,38,5196
28,256,32,6339
29,256,91,5480
30,256,3,5481
31,256,44,5863
32,1472,72,5291
33,256,21,5386
34,1472,92,6337
35,1472,32,5673
36,256,43,5385
37,1472,24,5101
38,256,97,4816
39,1472,66,5578
40,1472,56,5861
41,1472,105,5860
42,1472,54,5198
43,256,45,5860
44,1472,296,4914
45,1472,9,5864
46,1472,58,6244
47,256,94,5861
48,1472,91,5768
49,1472,10,6339
50,1472,6,5765
51,1472,7,5864
52,256,101,4911
53,1472,102,5670
54,1472,71,5101
55,256,339,5102
56,1472,74,5958
57,256,76,6241
58,256,79,5389
59,256,52,4628
0,256,81,6454
1,256,13,5405
2,256,51,6074
3,256,8,5501
4,256,23,5690
5,1472,37,5501
6,1472,33,5406
7,1472,91,6359
8,256,14,5883
9,256,271,5406
10,256,200,6169
11,1472,34,5691
12,1472,14,5789
13,256,67,4646
14,256,5,6641
15,256,42,5787
16,1472,73,5786
17,1472,50,5975
18,256,94,5122
19,1472,34,6168
20,256,96,6357
21,256,58,5310
22,1472,11,5312
23,1472,3,5789
24,256,91,5123
25,1472,27,6165
26,256,71,5500
27,256,20,5311
28,256,18,6359
29,256,85,5500
30,256,73,5501
31,256,16,5883
32,1472,35,5406
33,256,98,5406
34,1472,57,6452
35,256,32,5788
36,1472,54,5405
37,1472,97,5216
38,1472,48,4836
39,256,77,5693
40,256,78,5976
41,256,50,5975
42,1472,26,5313
43,1472,13,5880
44,256,60,5029
45,256,71,5979
46,256,100,6359
47,1472,3,5881
48,256,78,5883
49,1472,14,6454
50,1472,51,5880
51,256,40,5979
52,256,19,4931
53,1472,59,5785
54,1472,85,5216
55,256,96,5122
56,256,23,6073
57,256,28,6261
58,256,67,5409
59,1472,81,4648
0,1472,103,6474
1,1472,7,5425
2,1472,15,6094
3,256,82,5521
4,1472,78,5710
5,256,145,5616
6,256,38,5521
7,1472,54,6474
8,256,68,5903
9,256,7,5426
10,256,43,6189
11,1472,10,5806
12,256,49,5904
13,1472,27,4666
14,256,5,6661
15,1472,43,5807
16,1472,98,5901
17,1472,23,6090
18,256,15,5142
19,1472,3,6283
20,256,27,6377
21,1472,49,5330
22,1472,49,5427
23,1472,27,5904
24,256,81,5143
25,1472,67,6280
26,1472,13,5520
27,1472,15,5331
28,256,68,6379
29,256,47,5520
30,1472,62,5521
31,1472,335,5903
32,1472,70,5521
33,256,64,5426
34,1472,21,6567
35,1472,70,5808
36,256,43,5520
37,256,10,5331
38,1472,31,4951
39,1472,92,5713
40,256,74,5996
41,256,11,5995
42,1472,336,5428
43,1472,79,5995
44,256,42,5049
45,1472,140,5999
46,1472,48,6379
47,1472,30,5996
48,256,81,5903
49,1472,22,6569
50,1472,4,5995
51,256,104,5999
52,1472,75,4951
53,256,52,5900
54,1472,79,5331
55,256,92,5142
56,256,102,6093
57,256,34,6281
58,256,96,5429
59,256,44,4763
0,256,39,6589
1,1472,9,5540
2,1472,59,6209
3,256,55,5541
4,256,30,5825
5,1472,17,5636
6,1472,34,5541
7,1472,79,6589
8,256,83,5923
9,256,18,5446
10,1472,41,6209
11,1472,29,5921
12,256,59,5924
13,1472,185,4781
14,256,53,6681
15,256,51,5922
16,1472,39,6016
17,256,68,6205
18,256,17,5162
19,256,27,6398
20,256,191,6397
21,1472,63,5445
22,1472,42,5542
23,1472,87,6019
24,256,66,5163
25,256,43,6395
26,256,64,5635
27,1472,57,5446
28,1472,76,6399
29,256,80,5540
30,1472,76,5636
31,1472,26,6018
32,1472,49,5636
33,1472,268,5446
34,256,92,6682
35,256,19,5923
36,1472,63,5540
37,256,75,5351
38,1472,218,5066
39,256,1,5828
40,256,104,6016
41,1472,293,6015
42,256,104,5543
43,256,70,6110
44,1472,2,5069
45,256,97,6114
46,256,4,6494
47,1472,95,6111
48,256,67,5923
49,256,4,6684
50,1472,73,6110
51,256,93,6019
52,1472,21,5066
53,1472,103,5920
54,1472,58,5446
55,1472,27,5162
56,256,15,6113
57,256,66,6301
58,1472,14,5449
59,256,81,4783
0,256,77,6609
1,1472,74,5655
2,1472,27,6324
3,1472,26,5561
4,256,66,5845
5,256,3,5751
6,256,81,5656
7,256,60,6704
8,256,80,5943
9,1472,8,5466
10,1472,31,6324
11,1472,91,6036
12,1472,85,5944
13,1472,97,4896
14,256,105,6701
15,256,10,5942
16,1472,3,6131
17,256,69,6225
18,256,105,5182
19,1472,93,6418
20,1472,35,6417
21,256,29,5560
22,256,16,5657
23,1472,76,6134
24,256,17,5183
25,256,50,6415
26,256,80,5655
27,1472,98,5561
28,1472,34,6514
29,256,103,5560
30,256,47,5751
31,256,61,6133
32,256,103,5751
33,1472,74,5561
34,256,40,6702
35,256,44,5943
36,1472,47,5655
37,256,17,5371
38,256,44,5181
39,256,29,5848
40,1472,204,6036
41,256,7,6130
42,1472,209,5563
43,1472,17,6130
44,1472,94,5184
45,256,100,6134
46,256,159,6514
47,1472,101,6226
48,256,9,5943
49,256,76,6704
50,1472,78,6225
51,1472,84,6039
52,1472,27,5181
53,256,54,6035
54,1472,55,5561
55,1472,66,5277
56,256,60,6133
57,256,159,6321
58,1472,26,5564
59,256,26,4803
0,1472,55,6629
1,1472,6,5770
2,1472,101,6439
3,256,87,5676
4,1472,183,5865
5,1472,62,5771
6,1472,36,5676
7,1472,11,6724
8,1472,104,5963
9,256,50,5581
10,1472,61,6439
11,1472,81,6151
12,1472,61,6059
13,1472,5,5011
14,1472,18,6721
15,1472,39,5962
16,256,79,6246
17,256,89,6245
18,256,103,5202
19,256,62,6533
20,256,32,6532
21,256,86,5580
22,256,62,5677
23,1472,103,6249
24,256,65,5203
25,1472,8,6435
26,1472,95,5675
27,256,43,5676
28,256,71,6629
29,256,43,5580
30,1472,65,5771
31,256,79,6153
32,1472,10,5771
33,1472,47,5676
34,256,173,6722
35,1472,44,5963
36,1472,93,5770
37,1472,26,5391
38,1472,136,5201
39,256,49,5868
40,256,332,6151
41,1472,42,6150
42,1472,37,5678
43,1472,11,6245
44,1472,75,5299
45,256,6,6154
46,256,25,6534
47,256,48,6341
48,256,29,5963
49,1472,105,6724
50,256,82,6340
51,1472,74,6154
52,256,33,5296
53,1472,87,6055
54,1472,92,5676
55,1472,102,5392
56,256,23,6153
57,1472,37,6341
58,1472,73,5679
59,1472,40,4823
0,256,62,6744
1,256,60,5885
2,256,82,6554
3,256,81,5696
4,1472,102,5980
5,256,76,5886
6,1472,15,5791
7,1472,73,6839
8,256,94,6078
9,256,23,5601
10,1472,4,6554
11,1472,23,6266
12,1472,103,6174
13,1472,15,5126
14,256,231,6836
15,1472,67,6077
16,256,95,6266
17,1472,25,6265
18,256,181,5222
19,1472,31,6553
20,1472,32,6552
21,1472,96,5600
22,1472,47,5697
23,256,47,6364
24,256,56,5223
25,1472,81,6550
26,1472,12,5790
27,256,20,5696
28,1472,19,6649
29,256,13,5600
30,256,17,5886
31,1472,71,6173
32,256,95,5886
33,1472,103,5791
34,1472,12,6742
35,1472,57,6078
36,256,81,5885
37,1472,66,5506
38,256,28,5316
39,1472,76,5888
40,1472,12,6171
41,256,8,6265
42,1472,104,5793
43,1472,102,6360
44,256,75,5414
45,1472,60,6174
46,1472,28,6554
47,256,77,6361
48,1472,50,5983
49,1472,59,6839
50,256,61,6360
51,1472,31,6269
52,256,29,5316
53,1472,52,6170
54,256,39,5791
55,1472,95,5507
56,1472,101,6173
57,1472,25,6456
58,1472,37,5794
59,256,71,4938
0,1472,116,6764
1,1472,87,5905
2,256,104,6574
3,256,37,5716
4,1472,273,6095
5,256,44,5906
6,256,347,5906
7,256,100,6954
8,1472,44,6098
9,256,56,5621
10,1472,83,6669
11,1472,37,6381
12,256,64,6289
13,1472,96,5241
14,256,94,6856
15,1472,2,6192
16,1472,49,6286
17,1472,41,6380
18,1472,86,5242
19,256,100,6668
20,1472,78,6667
21,256,158,5715
22,256,19,5812
23,1472,36,6384
24,256,4,5243
25,1472,98,6665
26,256,4,5905
27,256,93,5716
28,1472,23,6764
29,1472,2,5620
30,1472,90,5906
31,1472,10,6288
32,1472,75,5906
33,1472,44,5906
34,1472,90,6857
35,1472,97,6193
36,256,33,5905
37,256,13,5621
38,256,87,5336
39,1472,43,6003
40,1472,42,6286
41,1472,2,6285
42,1472,100,5908
43,256,102,6475
44,256,14,5434
45,1472,41,6289
46,256,37,6669
47,256,73,6381
48,256,101,6098
49,1472,29,6954
50,256,87,6380
51,1472,21,6384
52,1472,3,5336
53,1472,19,6285
54,256,30,5811
55,1472,32,5622
56,1472,12,6288
57,1472,92,6571
58,1472,74,5909
59,1472,97,4958
0,256,293,6879
1,256,51,6020
2,256,35,6594
3,1472,17,5736
4,1472,19,6210
5,1472,67,5926
6,1472,180,5926
7,1472,91,6974
8,1472,72,6213
9,256,27,5641
10,1472,74,6784
11,1472,24,6496
12,1472,101,6309
13,256,24,5356
14,1472,238,6876
15,256,11,6307
16,1472,43,6401
17,1472,46,6495
18,256,9,5357
19,1472,23,6688
20,1472,79,6782
21,1472,83,5735
22,256,15,5832
23,1472,1,6499
24,256,75,5263
25,1472,8,6780
26,1472,65,5925
27,1472,11,5736
28,1472,104,6879
29,1472,69,5735
30,1472,83,6021
31,256,75,6403
32,256,19,6021
33,1472,15,6021
34,256,102,6972
35,1472,26,6308
36,256,4,5925
37,1472,54,5641
38,1472,38,5356
39,256,17,6118
40,1472,92,6401
41,1472,61,6400
42,256,95,6023
43,1472,67,6495
44,1472,56,5454
45,1472,1,6404
46,1472,33,6689
47,256,59,6401
48,1472,86,6118
49,256,10,7069
50,1472,15,6400
51,256,41,6499
52,256,47,5451
53,1472,82,6400
54,256,28,5831
55,1472,99,5737
56,1472,101,6403
57,256,17,6686
58,256,71,6024
59,256,81,5073
0,256,83,6899
1,1472,49,6040
2,256,70,6614
3,1472,11,5851
4,1472,4,6325
5,1472,48,6041
6,256,14,6041
7,1472,100,7089
8,1472,36,6328
9,256,31,5661
10,1472,42,6899
11,1472,1,6611
12,1472,5,6424
13,256,25,5376
14,1472,16,6991
15,1472,55,6327
16,256,30,6516
17,256,104,6610
18,256,24,5377
19,1472,75,6803
20,1472,79,6897
21,1472,35,5850
22,1472,21,5852
23,1472,46,6614
24,1472,12,5283
25,1472,25,6895
26,256,23,6040
27,256,51,5851
28,1472,49,6994
29,1472,98,5850
30,256,50,6136
31,256,21,6423
32,1472,15,6041
33,256,39,6136
34,256,102,6992
35,1472,14,6423
36,256,32,5945
37,256,96,5756
38,256,18,5471
39,256,79,6138
40,256,45,6516
41,1472,95,6515
42,256,48,6043
43,256,78,6610
44,1472,296,5569
45,1472,48,6519
46,256,51,6804
47,256,75,6421
48,1472,49,6233
49,1472,83,7089
50,1472,96,6515
51,1472,2,6519
52,256,57,5471
53,256,54,6515
54,1472,81,5851
55,256,79,5852
56,1472,27,6518
57,1472,9,6706
58,1472,27,6044
59,1472,77,5093
0,256,40,6919
1,256,101,6155
2,1472,21,6634
3,1472,3,5966
4,256,43,6440
5,256,24,6156
6,1472,45,6061
7,256,42,7204
8,1472,32,6443
9,256,88,5681
10,1472,32,7014
11,1472,58,6726
12,256,3,6539
13,1472,4,5396
14,1472,38,7106
15,256,75,6442
16,1472,3,6536
17,256,273,6630
18,1472,60,5397
19,256,20,6918
20,256,14,7012
21,1472,40,5965
22,1472,68,5967
23,256,36,6729
24,1472,76,5398
25,1472,80,7010
26,256,86,6060
27,1472,84,5871
28,256,102,7109
29,256,57,5965
30,256,105,6156
31,256,102,6443
32,256,256,6156
33,1472,92,6156
34,1472,52,7012
35,256,50,6538
36,1472,17,5965
37,256,24,5776
38,256,69,5491
39,256,166,6158
40,1472,28,6536
41,256,55,6630
42,256,7,6063
43,256,51,6630
44,1472,69,5684
45,1472,67,6634
46,1472,22,6824
47,256,19,6441
48,1472,96,6348
49,1472,51,7204
50,1472,104,6630
51,1472,44,6634
52,1472,27,5491
53,1472,41,6535
54,256,94,5966
55,256,4,5872
56,1472,75,6633
57,1472,13,6821
58,256,102,6159
59,256,103,5208
0,256,31,6939
1,1472,81,6175
2,1472,45,6749
3,1472,11,6081
4,1472,27,6460
5,256,101,6176
6,256,7,6176
7,256,51,7224
8,256,76,6558
9,256,65,5701
10,256,5,7129
11,256,62,6841
12,1472,46,6559
13,1472,47,5511
14,256,9,7221
15,1472,67,6462
16,256,21,6651
17,1472,71,6650
18,256,102,5512
19,256,95,6938
20,256,2,7032
21,1472,71,6080
22,1472,101,6082
23,1472,90,6749
24,1472,37,5513
25,1472,75,7125
26,1472,60,6080
27,1472,32,5986
28,1472,21,7129
29,256,40,5985
30,1472,85,6176
31,256,154,6463
32,256,95,6176
33,1472,73,6271
34,256,6,7127
35,1472,4,6558
36,1472,81,6080
37,1472,95,5796
38,1472,44,5511
39,256,98,6178
40,256,33,6651
41,1472,102,6650
42,1472,16,6083
43,1472,88,6650
44,1472,103,5799
45,1472,37,6749
46,1472,101,6939
47,1472,104,6461
48,256,65,6463
49,256,35,7319
50,256,25,6745
51,256,47,6749
52,1472,56,5606
53,256,5,6650
54,1472,10,5986
55,1472,59,5892
56,256,28,6748
57,256,90,6936
58,256,71,6179
59,256,80,5228
0,1472,58,6959
1,1472,12,6290
2,1472,4,6864
3,256,67,6196
4,256,73,6575
5,1472,4,6196
6,256,251,6196
7,1472,63,7244
8,1472,77,6578
9,256,50,5721
10,256,47,7149
11,1472,42,6861
12,256,82,6674
13,1472,40,5626
14,1472,76,7241
15,256,23,6577
16,256,64,6671
17,1472,68,6765
18,1472,50,5532
19,1472,28,6958
20,256,83,7052
21,1472,243,6195
22,1472,58,6197
23,256,11,6864
24,256,101,5628
25,256,70,7240
26,256,104,6195
27,256,4,6101
28,256,72,7244
29,1472,18,6005
30,1472,24,6291
31,1472,5,6483
32,256,95,6196
33,1472,16,6386
34,256,27,7147
35,1472,89,6673
36,1472,16,6195
37,1472,32,5911
38,1472,151,5626
39,256,36,6198
40,256,104,6671
41,1472,28,6765
42,1472,75,6198
43,256,44,6765
44,256,87,5914
45,1472,179,6864
46,256,66,7054
47,256,41,6576
48,1472,18,6483
49,1472,48,7339
50,256,47,6765
51,1472,5,6769
52,1472,58,5721
53,1472,9,6670
54,1472,79,6101
55,1472,47,6007
56,256,100,6768
57,1472,87,6956
58,1472,23,6199
59,256,68,5248
0,1472,61,7074
1,1472,9,6405
2,256,286,6979
3,1472,214,6216
4,1472,2,6595
5,1472,2,6311
6,256,18,6216
7,1472,10,7359
8,1472,59,6693
9,256,68,5741
10,1472,56,7169
11,1472,320,6976
12,1472,104,6694
13,1472,128,5741
14,256,23,7356
15,1472,81,6597
16,1472,86,6691
17,1472,6,6880
18,256,33,5647
19,1472,105,7073
20,256,46,7072
21,256,3,6310
22,1472,36,6312
23,256,7,6884
24,1472,81,5648
25,1472,44,7260
26,256,94,6215
27,256,46,6121
28,256,4,7264
29,1472,36,6120
30,256,49,6406
31,1472,55,6598
32,1472,20,6216
33,256,15,6501
34,1472,34,7167
35,1472,104,6788
36,256,68,6310
37,256,51,6026
38,256,64,5741
39,256,56,6218
40,256,70,6691
41,1472,77,6880
42,256,58,6313
43,1472,28,6785
44,256,68,5934
45,256,3,6979
46,1472,17,7074
47,1472,78,6596
48,256,57,6598
49,1472,49,7454
50,1472,70,6785
51,1472,257,6884
52,1472,49,5836
53,256,172,6785
54,256,103,6216
55,1472,61,6122
56,1472,62,6788
57,1472,75,7071
58,256,9,6314
59,1472,69,5268
0,256,60,7189
1,1472,99,6520
2,1472,16,6999
3,256,218,6331
4,256,57,6710
5,1472,75,6426
6,256,15,6236
7,1472,70,7474
8,256,73,6808
9,256,28,5761
10,1472,7,7284
11,1472,30,7091
12,1472,4,6809
13,1472,11,5856
14,256,330,7376
15,1472,98,6712
16,256,31,6806
17,256,63,6995
18,256,45,5667
19,256,7,7188
20,256,62,7092
21,256,68,6330
22,256,5,6427
23,256,100,6904
24,256,37,5763
25,1472,53,7375
26,256,89,6235
27,1472,83,6141
28,1472,2,7284
29,256,53,6235
30,1472,77,6426
31,256,91,6713
32,1472,50,6331
33,256,65,6521
34,256,252,7282
35,256,18,6903
36,1472,54,6330
37,1472,53,6046
38,256,35,5761
39,256,6,6238
40,1472,188,6711
41,256,91,6995
42,1472,105,6333
43,256,48,6900
44,1472,33,5954
45,1472,103,6999
46,1472,65,7189
47,256,32,6711
48,256,86,6618
49,1472,97,7569
50,256,20,6900
51,1472,15,6999
52,1472,23,5951
53,256,69,6805
54,1472,75,6236
55,1472,93,6237
56,1472,12,6903
57,256,97,7186
58,256,4,6334
59,256,27,5383
0,1472,86,7209
1,1472,99,6635
2,256,55,7114
3,1472,87,6351
4,1472,29,6730
5,256,91,6541
6,256,29,6256
7,256,39,7589
8,1472,26,6828
9,1472,47,5781
10,256,98,7399
11,1472,166,7206
12,256,49,6924
13,256,84,5971
14,256,34,7396
15,1472,88,6827
16,1472,78,6826
17,1472,49,7015
18,1472,57,5687
19,1472,101,7208
20,1472,63,7112
21,1472,97,6350
22,1472,62,6447
23,1472,75,6924
24,256,87,5783
25,256,73,7490
26,256,56,6255
27,1472,32,6256
28,256,89,7399
29,256,51,6255
30,1472,88,6541
31,256,25,6733
32,256,16,6446
33,1472,91,6541
34,1472,19,7302
35,256,92,6923
36,256,42,6445
37,256,3,6161
38,1472,81,5781
39,1472,49,6258
40,1472,24,6826
41,256,34,7015
42,256,6,6448
43,256,45,6920
44,1472,29,6069
45,1472,50,7114
46,1472,1,7304
47,256,16,6731
48,256,7,6638
49,1472,66,7684
50,1472,22,6920
51,256,53,7114
52,256,55,6066
53,1472,34,6825
54,256,84,6351
55,256,82,6352
56,256,37,7018
57,256,84,7206
58,1472,30,6354
59,256,95,5403
